account_id,industry,region,tier,tenure_months,monthly_spend,weekly_sessions,support_tickets_90d,latency_ms,risk_label
acct-00000,commerce,daejeon,starter,68,28.66,9,1,187.86,0
acct-00001,finance,global,enterprise,25,100.31,11,0,165.89,0
acct-00002,commerce,seoul,pro,58,21.42,7,1,181.42,0
acct-00003,finance,global,free,42,40.17,14,0,177.0,0
acct-00004,commerce,busan,starter,27,22.75,9,1,126.35,0
acct-00005,commerce,seoul,pro,34,29.35,5,2,122.66,0
acct-00006,education,seoul,starter,52,7.01,8,1,80.31,0
acct-00007,education,busan,starter,32,81.23,10,1,259.36,0
acct-00008,commerce,seoul,free,13,28.8,6,1,98.14,0
acct-00009,finance,incheon,pro,12,67.46,13,1,87.94,0
acct-00010,commerce,daejeon,starter,8,35.39,6,0,137.91,0
acct-00011,commerce,global,free,41,18.37,6,1,115.97,1
acct-00012,gaming,global,free,20,34.29,11,1,178.71,1
acct-00013,health,seoul,starter,60,10.91,5,0,43.06,0
acct-00014,education,incheon,pro,52,15.7,15,3,132.21,0
acct-00015,finance,seoul,pro,51,64.38,8,1,102.99,0
acct-00016,commerce,busan,pro,17,52.26,6,0,151.46,0
acct-00017,finance,seoul,pro,68,24.07,19,1,79.99,0
acct-00018,education,busan,free,39,64.88,6,1,240.52,1
acct-00019,commerce,seoul,free,39,13.73,6,1,125.14,0
acct-00020,gaming,busan,enterprise,37,29.23,9,0,245.49,0
acct-00021,health,incheon,free,63,26.79,4,1,116.63,0
acct-00022,education,global,free,8,67.34,7,2,134.12,0
acct-00023,education,daejeon,pro,25,68.16,7,6,96.33,1
acct-00024,gaming,seoul,enterprise,13,,11,0,62.02,0
acct-00025,finance,seoul,enterprise,47,10.32,11,0,55.59,0
acct-00026,health,seoul,free,13,10.97,8,1,102.48,0
acct-00027,finance,global,pro,55,110.71,6,1,86.33,0
acct-00028,finance,busan,starter,62,28.67,12,1,72.74,0
acct-00029,health,incheon,pro,51,47.66,11,2,222.34,0
acct-00030,commerce,seoul,pro,61,34.54,7,2,105.63,0
acct-00031,health,incheon,free,55,38.01,8,0,277.43,0
acct-00032,finance,seoul,starter,19,32.73,13,0,143.28,0
acct-00033,commerce,seoul,pro,44,108.81,7,3,128.32,0
acct-00034,gaming,busan,free,27,102.81,11,2,116.39,1
acct-00035,education,daejeon,pro,34,29.5,10,2,70.53,0
acct-00036,commerce,global,starter,48,153.66,5,4,125.02,0
acct-00037,education,seoul,starter,60,36.2,7,5,150.59,0
acct-00038,finance,seoul,starter,14,170.04,6,2,135.48,0
acct-00039,health,global,free,38,12.04,8,1,165.83,0
acct-00040,commerce,incheon,free,26,24.64,7,2,265.8,0
acct-00041,education,global,pro,24,31.12,13,4,158.27,0
acct-00042,commerce,seoul,free,69,23.07,2,4,104.66,0
acct-00043,gaming,seoul,starter,6,20.51,12,0,98.27,0
acct-00044,gaming,seoul,pro,52,27.58,8,2,147.57,0
acct-00045,commerce,seoul,starter,7,34.14,7,2,63.72,0
acct-00046,commerce,seoul,starter,61,40.84,5,1,95.08,0
acct-00047,finance,busan,starter,24,66.35,9,0,88.27,0
acct-00048,health,daejeon,starter,40,38.11,9,0,65.74,0
acct-00049,commerce,seoul,free,50,52.71,7,1,92.45,0
acct-00050,health,global,free,24,20.94,6,1,146.55,0
acct-00051,finance,daejeon,starter,43,21.65,8,1,160.79,0
acct-00052,education,incheon,free,50,84.1,4,1,99.71,0
acct-00053,commerce,seoul,free,58,54.63,8,1,192.46,0
acct-00054,finance,seoul,pro,21,22.2,4,1,94.85,0
acct-00055,gaming,seoul,enterprise,33,19.14,8,0,258.79,0
acct-00056,commerce,global,free,35,43.18,7,4,100.87,0
acct-00057,finance,seoul,free,63,13.27,6,2,112.82,0
acct-00058,commerce,seoul,free,26,23.8,11,0,106.15,0
acct-00059,education,seoul,pro,6,8.73,8,0,179.41,0
acct-00060,education,incheon,free,36,199.42,6,0,153.07,0
acct-00061,commerce,daejeon,starter,46,16.33,5,1,312.38,0
acct-00062,health,incheon,pro,16,,5,0,163.73,0
acct-00063,finance,busan,free,43,35.6,8,4,90.73,0
acct-00064,education,daejeon,free,36,20.09,6,2,248.36,0
acct-00065,commerce,incheon,free,39,10.72,8,3,174.84,0
acct-00066,finance,incheon,starter,27,90.92,9,0,223.38,0
acct-00067,health,seoul,free,68,43.54,9,1,206.16,0
acct-00068,commerce,seoul,pro,30,12.13,5,1,64.22,0
acct-00069,finance,seoul,pro,5,144.63,7,1,97.08,0
acct-00070,finance,seoul,starter,53,16.2,4,0,53.95,0
acct-00071,commerce,seoul,starter,61,65.18,15,2,185.04,0
acct-00072,commerce,global,starter,36,44.29,12,1,27.33,0
acct-00073,education,seoul,pro,47,21.57,8,1,196.83,0
acct-00074,health,global,starter,47,30.39,4,1,82.13,0
acct-00075,health,seoul,free,61,106.08,8,1,157.31,0
acct-00076,education,seoul,free,56,118.38,8,4,84.67,0
acct-00077,health,seoul,starter,32,31.63,6,1,35.57,0
acct-00078,finance,busan,free,47,33.26,12,2,95.62,0
acct-00079,commerce,global,pro,28,16.86,12,2,132.09,0
acct-00080,health,global,free,47,117.6,5,1,86.83,0
acct-00081,health,seoul,starter,71,27.12,6,3,139.64,0
acct-00082,commerce,seoul,free,19,73.76,7,1,100.08,0
acct-00083,commerce,seoul,free,33,67.89,9,3,149.19,0
acct-00084,health,daejeon,free,52,,6,1,112.05,1
acct-00085,finance,busan,starter,66,16.23,2,1,168.4,0
acct-00086,education,global,enterprise,44,81.62,8,0,51.97,0
acct-00087,commerce,busan,pro,5,8.19,11,1,148.67,0
acct-00088,finance,busan,starter,50,18.48,10,1,89.54,0
acct-00089,commerce,seoul,free,21,33.33,8,0,155.43,0
acct-00090,finance,seoul,pro,30,25.38,9,2,122.07,0
acct-00091,commerce,busan,pro,43,38.94,5,0,136.68,0
acct-00092,commerce,incheon,enterprise,37,30.23,5,4,200.67,0
acct-00093,commerce,seoul,free,29,66.47,6,1,227.68,1
acct-00094,commerce,seoul,free,18,18.21,8,2,175.22,0
acct-00095,health,busan,pro,54,22.62,7,4,61.25,0
acct-00096,gaming,global,starter,6,19.18,13,1,315.56,0
acct-00097,commerce,seoul,free,64,292.62,4,0,74.7,0
acct-00098,gaming,global,enterprise,22,6.61,9,1,101.46,0
acct-00099,education,global,enterprise,64,73.89,4,4,64.2,0
acct-00100,commerce,global,free,65,7.19,13,1,245.67,0
acct-00101,education,seoul,free,8,,10,1,107.17,0
acct-00102,commerce,seoul,pro,48,119.59,7,2,60.43,0
acct-00103,commerce,seoul,pro,7,63.89,18,0,131.82,0
acct-00104,commerce,incheon,pro,56,64.63,8,3,104.5,0
acct-00105,commerce,daejeon,pro,29,77.0,9,0,35.6,0
acct-00106,commerce,global,free,44,11.91,6,1,115.42,0
acct-00107,commerce,incheon,pro,32,8.48,7,0,158.01,0
acct-00108,education,global,pro,53,106.54,6,1,159.69,0
acct-00109,finance,incheon,pro,11,56.03,10,2,455.88,0
acct-00110,health,global,enterprise,11,23.1,13,1,40.52,0
acct-00111,finance,incheon,enterprise,33,345.59,11,1,306.4,0
acct-00112,commerce,busan,free,7,29.97,5,2,198.04,1
acct-00113,gaming,daejeon,free,18,76.07,8,0,151.1,0
acct-00114,education,global,free,30,9.06,5,1,119.13,0
acct-00115,commerce,seoul,free,25,57.14,13,3,114.85,0
acct-00116,commerce,global,pro,4,25.25,9,2,67.76,0
acct-00117,finance,busan,starter,48,27.32,6,0,96.24,0
acct-00118,gaming,seoul,pro,68,15.52,14,1,183.3,0
acct-00119,health,busan,free,24,33.23,4,1,105.75,0
acct-00120,education,busan,free,20,,6,0,182.63,0
acct-00121,gaming,global,enterprise,41,46.52,12,1,131.64,0
acct-00122,health,incheon,free,9,32.43,7,1,122.6,0
acct-00123,health,seoul,pro,48,32.35,6,2,205.1,0
acct-00124,education,incheon,free,50,85.82,10,0,115.07,0
acct-00125,gaming,daejeon,free,8,77.37,6,0,250.15,0
acct-00126,gaming,seoul,pro,31,97.38,4,1,206.52,0
acct-00127,finance,global,starter,51,9.47,5,3,129.78,0
acct-00128,commerce,seoul,free,34,32.0,9,2,129.16,0
acct-00129,commerce,global,starter,48,34.05,8,2,98.11,0
acct-00130,commerce,seoul,starter,35,21.69,4,2,80.13,0
acct-00131,gaming,incheon,pro,45,24.66,6,1,41.47,0
acct-00132,commerce,seoul,pro,8,49.06,7,2,184.03,1
acct-00133,gaming,incheon,enterprise,24,25.46,6,2,240.49,0
acct-00134,gaming,seoul,pro,51,22.81,6,1,107.36,0
acct-00135,education,seoul,free,7,24.94,6,1,188.68,0
acct-00136,commerce,seoul,pro,59,150.81,5,0,210.74,0
acct-00137,finance,seoul,enterprise,37,17.21,8,0,67.33,0
acct-00138,commerce,global,starter,16,65.86,5,1,131.95,0
acct-00139,gaming,incheon,starter,1,41.07,5,0,103.23,0
acct-00140,health,incheon,free,10,30.5,7,1,143.03,0
acct-00141,education,incheon,free,29,29.44,7,0,148.5,0
acct-00142,finance,global,free,47,113.88,7,2,117.85,0
acct-00143,finance,busan,free,28,84.16,13,0,139.18,0
acct-00144,finance,incheon,enterprise,71,39.61,11,1,291.8,0
acct-00145,commerce,seoul,starter,9,4.64,4,2,75.89,0
acct-00146,commerce,seoul,free,58,19.01,11,1,109.16,0
acct-00147,commerce,global,starter,72,52.84,7,1,163.75,0
acct-00148,commerce,incheon,starter,41,91.13,3,2,144.54,0
acct-00149,commerce,daejeon,starter,12,9.5,10,0,220.66,0
acct-00150,health,seoul,starter,6,29.21,5,3,115.33,0
acct-00151,commerce,seoul,free,72,164.05,8,4,226.31,0
acct-00152,commerce,seoul,free,13,7.07,14,2,140.64,0
acct-00153,health,seoul,free,12,56.56,11,4,106.42,0
acct-00154,education,busan,free,51,31.63,4,0,71.89,0
acct-00155,commerce,seoul,pro,10,3.88,9,1,281.2,0
acct-00156,education,seoul,enterprise,57,70.45,13,2,96.76,0
acct-00157,health,daejeon,pro,17,88.72,5,1,249.28,0
acct-00158,gaming,seoul,enterprise,35,23.56,8,1,99.09,0
acct-00159,gaming,seoul,free,58,17.37,12,3,233.61,0
acct-00160,education,seoul,free,9,,10,0,174.27,0
acct-00161,health,seoul,free,50,19.74,15,1,150.15,0
acct-00162,finance,global,starter,19,14.37,8,1,116.85,0
acct-00163,commerce,busan,starter,15,19.87,5,2,236.71,0
acct-00164,commerce,seoul,pro,6,46.26,4,2,63.71,0
acct-00165,education,global,starter,9,44.09,5,1,85.28,0
acct-00166,education,global,pro,72,42.8,7,2,99.86,0
acct-00167,education,global,free,43,10.14,7,2,238.83,0
acct-00168,gaming,incheon,free,34,17.69,10,4,62.61,0
acct-00169,gaming,global,enterprise,48,12.34,6,0,104.89,0
acct-00170,gaming,seoul,starter,14,19.4,8,4,243.79,0
acct-00171,finance,seoul,starter,10,143.04,8,2,102.73,0
acct-00172,gaming,global,starter,57,20.49,6,0,57.74,0
acct-00173,gaming,seoul,pro,45,24.23,5,1,53.04,0
acct-00174,commerce,global,pro,4,21.13,6,0,87.34,0
acct-00175,finance,global,free,65,11.96,8,4,78.78,0
acct-00176,commerce,seoul,pro,40,16.3,5,2,97.26,0
acct-00177,education,seoul,free,42,43.96,10,3,246.98,0
acct-00178,commerce,seoul,free,72,55.06,5,3,74.81,0
acct-00179,health,seoul,free,2,37.61,10,1,86.43,0
acct-00180,health,seoul,free,47,73.46,9,1,204.65,0
acct-00181,commerce,seoul,pro,18,26.25,6,0,84.54,0
acct-00182,health,daejeon,pro,72,27.03,9,3,243.06,0
acct-00183,commerce,busan,free,66,32.01,15,1,173.57,1
acct-00184,gaming,daejeon,free,27,179.69,3,1,159.73,0
acct-00185,education,seoul,starter,18,41.75,7,0,81.19,0
acct-00186,education,seoul,pro,12,30.04,15,1,200.23,0
acct-00187,education,busan,enterprise,30,28.47,12,2,99.11,0
acct-00188,commerce,seoul,free,20,40.9,9,2,141.4,1
acct-00189,commerce,seoul,starter,51,19.25,9,1,124.35,0
acct-00190,gaming,seoul,pro,63,38.2,5,2,98.34,0
acct-00191,finance,busan,starter,18,72.27,8,1,274.53,0
acct-00192,education,global,free,51,36.86,8,0,110.02,0
acct-00193,education,seoul,starter,68,70.76,12,0,136.17,0
acct-00194,health,seoul,free,24,28.52,7,2,258.56,0
acct-00195,gaming,seoul,free,39,,6,4,240.07,0
acct-00196,finance,seoul,starter,35,50.87,6,1,104.86,0
acct-00197,finance,busan,starter,46,86.07,7,0,189.07,0
acct-00198,gaming,seoul,starter,67,10.58,15,0,198.01,0
acct-00199,finance,seoul,enterprise,28,18.66,11,5,152.82,0
acct-00200,education,daejeon,free,36,41.83,10,0,139.78,0
acct-00201,education,seoul,free,20,29.93,9,2,45.68,0
acct-00202,gaming,global,pro,40,11.84,10,1,127.51,0
acct-00203,commerce,incheon,free,32,42.08,6,0,72.23,0
acct-00204,gaming,seoul,starter,12,23.18,9,1,72.07,0
acct-00205,finance,incheon,free,39,60.82,3,2,210.2,0
acct-00206,commerce,incheon,enterprise,25,58.32,7,1,115.74,0
acct-00207,education,global,pro,64,52.84,10,4,171.64,0
acct-00208,commerce,seoul,free,4,83.9,6,0,72.98,0
acct-00209,education,seoul,free,68,16.34,7,3,89.04,0
acct-00210,health,seoul,free,4,36.84,13,1,105.84,0
acct-00211,commerce,global,enterprise,14,16.4,11,0,106.36,1
acct-00212,finance,seoul,starter,16,,4,2,185.86,0
acct-00213,finance,seoul,free,3,50.45,8,2,86.68,0
acct-00214,finance,busan,free,64,,11,3,237.5,0
acct-00215,education,busan,enterprise,20,37.58,6,2,180.99,0
acct-00216,finance,global,starter,32,24.18,12,1,117.4,0
acct-00217,education,seoul,free,20,28.16,6,0,154.94,0
acct-00218,commerce,daejeon,pro,66,10.12,9,2,186.05,0
acct-00219,health,seoul,starter,12,24.47,7,2,128.3,0
acct-00220,commerce,busan,starter,12,15.49,7,1,208.54,0
acct-00221,education,busan,free,2,42.33,11,0,118.62,0
acct-00222,commerce,seoul,pro,45,35.87,6,1,347.63,0
acct-00223,gaming,seoul,free,11,30.5,5,2,163.39,0
acct-00224,education,global,pro,15,59.84,8,0,159.08,0
acct-00225,commerce,global,starter,42,69.35,4,1,27.22,0
acct-00226,finance,daejeon,free,12,14.61,6,2,134.87,0
acct-00227,education,global,free,45,48.75,10,1,138.78,0
acct-00228,health,busan,free,17,12.04,3,2,207.09,0
acct-00229,gaming,seoul,starter,25,34.61,6,2,72.73,0
acct-00230,commerce,seoul,pro,44,187.15,6,3,91.14,0
acct-00231,education,busan,free,61,38.58,9,1,154.36,0
acct-00232,gaming,seoul,enterprise,19,10.68,13,2,104.43,0
acct-00233,finance,seoul,pro,32,44.18,8,3,99.63,0
acct-00234,gaming,global,starter,44,53.01,11,1,203.22,0
acct-00235,health,seoul,enterprise,35,19.76,5,1,54.28,0
acct-00236,health,daejeon,free,71,41.48,7,1,310.49,0
acct-00237,commerce,busan,starter,30,80.19,9,2,70.16,0
acct-00238,education,busan,pro,44,18.78,6,0,49.88,0
acct-00239,gaming,busan,free,46,51.52,9,1,295.15,1
acct-00240,commerce,seoul,free,7,,7,0,108.29,0
acct-00241,health,incheon,starter,27,14.37,13,0,230.57,0
acct-00242,commerce,daejeon,pro,56,18.0,9,0,120.12,0
acct-00243,education,seoul,starter,28,25.8,8,5,155.87,0
acct-00244,commerce,global,starter,23,,5,1,68.1,0
acct-00245,health,daejeon,free,20,43.35,4,0,150.52,0
acct-00246,commerce,daejeon,enterprise,16,44.25,4,1,320.11,0
acct-00247,finance,busan,starter,9,37.11,6,1,173.04,0
acct-00248,gaming,global,starter,10,74.98,5,1,223.28,0
acct-00249,commerce,busan,starter,46,79.93,5,3,65.85,0
acct-00250,health,seoul,pro,70,47.24,6,3,154.65,0
acct-00251,education,daejeon,pro,34,40.48,5,0,34.05,0
acct-00252,finance,global,free,3,32.11,11,3,157.63,1
acct-00253,health,incheon,starter,16,52.52,10,2,151.06,0
acct-00254,gaming,global,starter,66,20.37,5,0,206.96,0
acct-00255,education,incheon,free,71,34.41,7,0,70.52,0
acct-00256,finance,global,free,6,8.46,5,0,112.44,0
acct-00257,gaming,seoul,free,71,47.43,8,1,62.5,0
acct-00258,health,seoul,starter,5,29.52,8,2,49.99,0
acct-00259,finance,seoul,pro,22,29.0,9,0,74.97,0
acct-00260,gaming,seoul,pro,7,35.68,1,1,95.16,0
acct-00261,commerce,seoul,enterprise,63,216.43,8,0,249.6,0
acct-00262,education,global,free,4,66.64,9,4,213.62,0
acct-00263,finance,seoul,pro,72,37.2,5,1,72.95,0
acct-00264,education,global,free,15,30.79,3,3,143.01,0
acct-00265,commerce,seoul,free,4,25.41,9,2,256.29,0
acct-00266,gaming,global,free,51,8.93,11,0,162.43,0
acct-00267,gaming,seoul,starter,54,11.82,2,1,225.26,0
acct-00268,health,seoul,free,61,37.87,6,2,111.51,0
acct-00269,commerce,seoul,pro,38,155.48,5,1,120.16,0
acct-00270,health,daejeon,free,32,19.21,4,1,123.68,0
acct-00271,commerce,busan,pro,40,51.12,7,1,445.09,0
acct-00272,gaming,seoul,free,72,14.43,4,1,50.39,0
acct-00273,health,global,enterprise,25,13.27,7,1,41.6,0
acct-00274,commerce,global,pro,38,17.43,8,2,68.53,0
acct-00275,finance,seoul,starter,64,21.74,6,4,144.25,0
acct-00276,education,seoul,free,44,30.53,10,1,64.36,0
acct-00277,education,busan,pro,60,58.5,10,0,94.53,0
acct-00278,health,seoul,starter,36,89.2,8,1,138.6,0
acct-00279,education,seoul,free,17,32.68,8,1,174.29,0
acct-00280,commerce,seoul,pro,19,16.98,11,2,157.31,0
acct-00281,finance,seoul,free,54,28.22,9,2,156.79,0
acct-00282,commerce,global,starter,60,12.65,13,0,233.93,0
acct-00283,commerce,daejeon,starter,43,18.9,10,1,98.21,0
acct-00284,health,daejeon,enterprise,20,76.44,6,2,320.19,0
acct-00285,finance,incheon,starter,25,116.08,11,0,101.67,0
acct-00286,education,seoul,free,18,42.95,6,1,68.6,0
acct-00287,gaming,incheon,free,10,36.64,9,4,104.2,0
acct-00288,gaming,global,starter,49,14.02,11,1,197.48,0
acct-00289,education,global,free,24,7.1,3,0,84.73,0
acct-00290,education,incheon,pro,36,13.33,13,0,144.23,0
acct-00291,health,seoul,enterprise,55,10.57,7,4,97.87,0
acct-00292,education,seoul,starter,10,91.55,10,2,231.92,0
acct-00293,education,seoul,starter,46,82.45,9,2,82.48,0
acct-00294,health,daejeon,free,68,61.39,6,0,115.87,0
acct-00295,health,seoul,starter,7,115.13,4,1,104.41,0
acct-00296,commerce,seoul,pro,20,44.65,11,0,245.93,0
acct-00297,commerce,seoul,free,6,30.25,11,3,57.68,0
acct-00298,education,busan,starter,31,53.28,8,3,76.85,0
acct-00299,education,seoul,starter,36,67.45,13,2,194.81,0
acct-00300,commerce,busan,starter,67,15.46,9,2,188.25,0
acct-00301,finance,seoul,free,8,17.96,10,3,111.87,0
acct-00302,commerce,global,free,46,23.58,10,1,144.65,0
acct-00303,finance,seoul,free,27,88.71,6,1,174.5,0
acct-00304,finance,global,free,52,,6,1,125.99,0
acct-00305,finance,incheon,starter,13,14.05,5,2,92.36,0
acct-00306,commerce,busan,free,36,16.72,8,2,152.35,0
acct-00307,commerce,global,starter,15,89.4,4,0,205.35,0
acct-00308,commerce,busan,pro,51,14.1,5,0,43.64,0
acct-00309,gaming,seoul,free,69,22.59,4,2,96.16,0
acct-00310,health,incheon,starter,71,13.25,6,2,164.06,0
acct-00311,commerce,seoul,free,42,30.79,5,2,121.93,0
acct-00312,commerce,seoul,starter,22,20.47,8,2,166.26,0
acct-00313,health,busan,free,56,31.4,4,0,91.04,0
acct-00314,gaming,seoul,pro,13,33.41,6,2,105.32,0
acct-00315,commerce,seoul,starter,21,87.6,10,0,123.77,0
acct-00316,commerce,busan,free,11,115.11,5,3,184.6,0
acct-00317,commerce,global,free,9,97.92,8,2,256.86,0
acct-00318,finance,global,starter,23,25.3,7,3,229.47,0
acct-00319,gaming,seoul,free,17,53.15,8,0,136.98,0
acct-00320,gaming,seoul,pro,60,25.54,5,1,112.97,0
acct-00321,gaming,daejeon,free,14,18.6,6,1,308.92,0
acct-00322,commerce,busan,starter,4,63.56,7,1,139.88,0
acct-00323,commerce,seoul,pro,60,54.67,5,1,89.26,0
acct-00324,finance,global,starter,20,16.59,8,2,99.88,0
acct-00325,finance,seoul,starter,51,24.68,10,0,99.7,0
acct-00326,finance,seoul,free,3,29.08,14,1,93.62,0
acct-00327,health,daejeon,free,30,,8,1,55.13,0
acct-00328,education,global,pro,71,29.88,10,0,139.41,0
acct-00329,health,seoul,starter,32,37.87,4,2,84.53,0
acct-00330,health,seoul,enterprise,56,48.2,3,1,172.2,0
acct-00331,commerce,daejeon,pro,53,68.18,8,2,180.73,0
acct-00332,finance,daejeon,free,20,19.7,8,2,224.85,0
acct-00333,gaming,seoul,starter,45,29.12,10,1,242.1,0
acct-00334,finance,seoul,free,30,95.45,5,1,223.2,0
acct-00335,finance,daejeon,free,40,38.66,6,0,116.05,0
acct-00336,finance,seoul,enterprise,13,58.9,10,1,74.24,0
acct-00337,education,seoul,pro,71,50.68,9,3,128.26,0
acct-00338,commerce,global,free,42,17.82,9,1,86.43,0
acct-00339,health,seoul,free,1,14.82,9,0,376.73,0
acct-00340,commerce,seoul,starter,18,38.73,11,2,138.48,0
acct-00341,gaming,daejeon,enterprise,13,7.88,5,1,189.04,0
acct-00342,commerce,seoul,pro,16,86.61,10,1,128.65,0
acct-00343,education,incheon,starter,45,70.49,4,1,125.04,0
acct-00344,education,busan,free,40,65.49,8,0,40.44,0
acct-00345,gaming,busan,free,72,27.54,12,1,95.86,0
acct-00346,health,seoul,free,72,23.81,11,4,122.82,0
acct-00347,commerce,daejeon,free,68,17.13,8,0,280.91,0
acct-00348,finance,global,starter,23,18.84,6,1,184.3,0
acct-00349,gaming,seoul,starter,66,36.88,7,2,39.26,0
acct-00350,education,seoul,starter,63,20.4,3,2,239.61,0
acct-00351,commerce,seoul,pro,34,65.37,10,2,192.08,0
acct-00352,finance,busan,enterprise,36,33.85,12,0,67.83,1
acct-00353,commerce,daejeon,pro,53,30.54,9,2,248.41,0
acct-00354,health,busan,free,18,38.38,7,0,283.91,0
acct-00355,health,busan,starter,19,156.35,5,0,143.63,0
acct-00356,gaming,seoul,pro,42,24.65,9,1,161.9,0
acct-00357,health,seoul,starter,18,26.43,6,0,218.0,1
acct-00358,education,global,starter,34,174.43,7,0,101.36,0
acct-00359,finance,global,free,53,36.16,7,4,269.18,0
acct-00360,commerce,daejeon,pro,17,65.86,6,2,47.73,0
acct-00361,commerce,global,free,18,60.56,10,2,85.86,0
acct-00362,education,seoul,starter,31,9.39,6,1,80.77,0
acct-00363,gaming,incheon,starter,28,16.98,8,1,221.67,0
acct-00364,health,global,free,4,17.07,8,1,47.81,0
acct-00365,commerce,seoul,free,56,50.82,7,2,124.65,0
acct-00366,education,seoul,enterprise,65,57.47,5,1,128.94,0
acct-00367,gaming,daejeon,pro,19,37.6,7,2,265.99,0
acct-00368,gaming,seoul,starter,45,22.49,6,1,228.16,0
acct-00369,finance,seoul,free,72,32.14,5,0,232.32,0
acct-00370,health,global,starter,9,47.64,9,1,62.8,0
acct-00371,finance,seoul,free,21,43.45,7,1,69.79,0
acct-00372,education,daejeon,free,8,16.34,14,2,135.37,0
acct-00373,commerce,seoul,starter,18,24.99,4,0,232.72,0
acct-00374,gaming,busan,free,56,26.67,5,2,206.84,0
acct-00375,education,incheon,pro,18,78.79,10,0,76.12,0
acct-00376,commerce,busan,free,15,,6,1,147.85,0
acct-00377,gaming,busan,free,47,32.03,3,3,216.91,0
acct-00378,gaming,seoul,starter,40,33.61,8,3,71.5,0
acct-00379,education,incheon,starter,67,59.26,10,0,213.49,0
acct-00380,education,seoul,pro,72,51.83,5,3,109.04,0
acct-00381,gaming,seoul,free,52,205.59,11,2,88.37,0
acct-00382,commerce,seoul,pro,20,11.78,7,2,95.72,0
acct-00383,health,busan,enterprise,16,45.47,10,1,98.17,0
acct-00384,gaming,seoul,starter,59,35.4,6,0,69.71,0
acct-00385,gaming,busan,starter,20,41.33,5,0,76.04,0
acct-00386,gaming,global,starter,6,17.74,8,2,122.97,0
acct-00387,commerce,global,pro,59,12.82,4,0,196.51,0
acct-00388,commerce,seoul,free,13,43.22,9,0,348.75,0
acct-00389,health,seoul,free,2,19.54,10,0,263.39,0
acct-00390,education,seoul,pro,59,31.14,8,0,141.49,0
acct-00391,education,daejeon,pro,53,44.19,8,1,56.67,0
acct-00392,education,seoul,starter,31,7.6,8,1,393.91,0
acct-00393,health,seoul,free,21,2.64,7,0,202.86,0
acct-00394,education,busan,free,31,39.45,9,0,119.02,0
acct-00395,education,seoul,pro,17,28.31,12,1,169.05,0
acct-00396,health,daejeon,free,5,25.56,7,1,22.08,0
acct-00397,finance,incheon,starter,67,31.45,8,0,67.75,0
acct-00398,commerce,incheon,starter,38,26.0,11,2,112.27,0
acct-00399,gaming,incheon,pro,14,28.14,5,1,310.99,0
acct-00400,health,busan,free,29,9.25,6,1,155.48,1
acct-00401,commerce,seoul,pro,59,35.43,12,2,131.88,0
acct-00402,commerce,seoul,free,17,13.81,6,1,220.34,0
acct-00403,education,seoul,starter,41,14.4,8,1,111.27,0
acct-00404,education,daejeon,starter,68,61.51,7,3,85.36,0
acct-00405,gaming,incheon,free,2,28.96,10,0,83.49,0
acct-00406,gaming,seoul,pro,43,31.92,8,0,106.1,0
acct-00407,health,seoul,enterprise,56,29.99,11,2,92.17,0
acct-00408,commerce,seoul,starter,21,12.66,8,1,89.53,0
acct-00409,education,incheon,free,45,,12,1,110.56,0
acct-00410,education,incheon,enterprise,43,16.52,4,2,60.65,0
acct-00411,finance,global,free,26,,11,3,101.55,1
acct-00412,commerce,incheon,free,57,17.27,9,1,155.22,0
acct-00413,education,seoul,free,9,91.08,3,2,184.8,0
acct-00414,education,incheon,starter,40,17.58,7,1,132.84,0
acct-00415,commerce,seoul,free,8,141.65,7,2,309.85,1
acct-00416,commerce,seoul,starter,56,100.07,5,1,63.15,0
acct-00417,commerce,incheon,free,55,12.82,12,2,215.07,0
acct-00418,commerce,daejeon,free,60,58.95,2,2,107.59,0
acct-00419,gaming,busan,starter,41,122.83,8,4,53.83,0
acct-00420,gaming,seoul,pro,66,68.29,5,0,168.87,0
acct-00421,commerce,seoul,free,5,15.97,10,3,100.12,1
acct-00422,health,global,pro,56,23.66,8,0,119.26,0
acct-00423,education,seoul,starter,65,25.93,13,1,191.76,0
acct-00424,health,daejeon,free,45,23.82,7,0,95.42,0
acct-00425,education,global,starter,3,21.46,9,0,181.27,0
acct-00426,health,seoul,free,58,27.0,6,2,76.02,0
acct-00427,gaming,seoul,free,63,73.37,11,3,124.25,0
acct-00428,commerce,incheon,free,19,8.27,11,0,172.3,0
acct-00429,commerce,seoul,enterprise,65,178.95,7,3,93.55,0
acct-00430,finance,busan,free,37,38.62,12,0,51.18,0
acct-00431,commerce,busan,enterprise,48,133.25,5,2,63.01,0
acct-00432,commerce,seoul,starter,54,47.95,13,3,127.85,0
acct-00433,finance,seoul,free,18,36.99,5,3,109.05,0
acct-00434,gaming,busan,starter,15,29.21,10,2,109.02,0
acct-00435,finance,seoul,pro,6,22.33,8,0,118.91,0
acct-00436,health,seoul,enterprise,24,37.76,7,0,94.64,0
acct-00437,commerce,incheon,pro,18,56.29,13,2,138.69,0
acct-00438,finance,seoul,free,4,55.36,7,0,94.91,0
acct-00439,education,seoul,free,8,120.82,12,1,164.99,0
acct-00440,education,daejeon,free,38,14.71,7,3,252.68,0
acct-00441,gaming,seoul,free,26,61.83,8,2,32.79,1
acct-00442,commerce,daejeon,enterprise,47,15.36,7,0,77.34,0
acct-00443,gaming,seoul,free,19,31.61,5,2,184.34,0
acct-00444,commerce,daejeon,free,33,25.69,9,1,61.75,0
acct-00445,gaming,global,starter,31,81.09,11,2,284.04,0
acct-00446,finance,seoul,free,62,24.77,4,3,226.87,1
acct-00447,finance,incheon,starter,44,35.57,7,2,39.22,0
acct-00448,gaming,global,starter,42,64.14,11,2,99.03,0
acct-00449,finance,seoul,enterprise,18,34.13,9,4,172.68,0
acct-00450,education,global,free,48,74.61,4,1,81.14,0
acct-00451,finance,seoul,enterprise,42,23.51,9,1,220.4,0
acct-00452,education,daejeon,free,49,121.17,6,0,177.84,0
acct-00453,commerce,seoul,starter,64,41.42,6,0,63.17,0
acct-00454,gaming,seoul,pro,66,20.54,6,1,55.2,0
acct-00455,gaming,seoul,starter,35,,14,0,71.74,0
acct-00456,commerce,global,starter,45,72.34,7,2,167.93,0
acct-00457,finance,incheon,starter,15,35.06,5,3,135.5,1
acct-00458,finance,daejeon,starter,32,15.05,7,2,128.35,0
acct-00459,finance,global,starter,64,65.38,12,1,95.66,0
acct-00460,health,incheon,starter,31,53.46,4,1,141.12,0
acct-00461,commerce,global,free,39,13.92,11,0,44.76,0
acct-00462,commerce,daejeon,pro,35,36.59,7,0,197.98,0
acct-00463,commerce,seoul,pro,29,46.77,8,2,113.27,0
acct-00464,education,seoul,starter,19,22.09,8,0,104.87,0
acct-00465,finance,global,free,29,52.17,2,1,205.04,0
acct-00466,gaming,seoul,starter,21,14.59,3,1,125.95,0
acct-00467,commerce,global,pro,39,100.52,11,2,97.17,0
acct-00468,commerce,seoul,free,43,41.01,9,3,82.12,0
acct-00469,education,seoul,starter,6,33.82,7,1,185.17,0
acct-00470,commerce,seoul,starter,36,9.84,9,1,101.72,0
acct-00471,commerce,busan,pro,63,48.38,10,2,82.16,0
acct-00472,finance,global,free,30,39.4,6,1,241.05,0
acct-00473,commerce,global,starter,49,51.84,9,2,98.04,0
acct-00474,commerce,seoul,starter,43,39.26,5,3,248.62,0
acct-00475,health,seoul,free,55,145.97,9,3,107.16,0
acct-00476,commerce,seoul,free,36,35.63,8,2,149.97,0
acct-00477,commerce,global,pro,53,22.61,9,3,98.11,0
acct-00478,commerce,global,free,32,18.25,5,2,116.16,0
acct-00479,gaming,global,pro,50,33.83,7,2,240.03,0
acct-00480,finance,incheon,starter,14,31.22,10,0,159.25,0
acct-00481,finance,seoul,free,12,13.81,8,1,146.24,0
acct-00482,gaming,seoul,free,2,23.87,6,0,158.68,0
acct-00483,commerce,busan,free,66,35.87,3,1,186.61,0
acct-00484,education,seoul,starter,69,7.63,9,3,74.62,0
acct-00485,commerce,seoul,free,21,89.67,12,4,90.13,0
acct-00486,finance,seoul,starter,41,14.36,6,2,135.29,0
acct-00487,health,seoul,pro,48,123.85,5,0,90.87,0
acct-00488,commerce,global,starter,43,50.15,9,0,103.65,0
acct-00489,education,seoul,free,52,18.26,9,2,216.65,0
acct-00490,education,seoul,starter,60,30.69,6,2,130.25,0
acct-00491,commerce,daejeon,enterprise,4,96.75,8,1,166.12,0
acct-00492,commerce,global,starter,5,32.7,9,3,153.91,0
acct-00493,education,global,starter,62,23.08,9,2,145.54,0
acct-00494,education,seoul,free,40,16.45,4,2,237.61,0
acct-00495,gaming,busan,starter,66,70.09,10,2,122.38,0
acct-00496,health,seoul,starter,6,44.39,7,1,41.19,0
acct-00497,commerce,global,enterprise,69,472.33,6,7,158.33,0
acct-00498,commerce,busan,free,59,12.59,5,2,68.79,0
acct-00499,education,global,pro,71,32.44,11,1,175.19,0
acct-00500,finance,busan,free,53,,8,2,220.03,0
acct-00501,health,seoul,starter,2,83.55,8,1,165.41,0
acct-00502,gaming,daejeon,free,41,32.55,4,1,122.75,0
acct-00503,health,seoul,enterprise,60,46.51,2,1,163.34,0
acct-00504,commerce,seoul,pro,45,58.27,6,1,122.31,0
acct-00505,commerce,incheon,free,68,,3,2,140.89,0
acct-00506,finance,seoul,starter,4,,8,3,96.14,1
acct-00507,education,busan,free,68,27.74,10,0,117.56,0
acct-00508,gaming,daejeon,pro,51,8.66,8,1,153.63,0
acct-00509,commerce,seoul,starter,69,70.83,9,0,49.92,0
acct-00510,health,daejeon,free,43,21.47,6,2,259.92,0
acct-00511,health,seoul,pro,43,8.91,11,3,206.46,0
acct-00512,health,seoul,starter,5,16.39,9,3,185.42,0
acct-00513,commerce,incheon,pro,72,24.72,6,1,112.75,0
acct-00514,education,seoul,starter,38,8.67,7,1,166.54,0
acct-00515,health,global,starter,45,23.19,10,2,48.58,0
acct-00516,gaming,global,enterprise,29,58.13,8,2,186.77,0
acct-00517,commerce,busan,enterprise,50,52.87,8,0,154.66,0
acct-00518,finance,global,starter,11,78.94,9,2,208.2,0
acct-00519,commerce,seoul,free,3,10.87,9,1,107.71,0
acct-00520,health,daejeon,free,41,26.08,7,0,94.96,0
acct-00521,health,global,free,59,17.14,7,2,296.54,0
acct-00522,finance,seoul,pro,32,,6,1,314.36,0
acct-00523,commerce,seoul,free,18,46.11,11,0,380.56,0
acct-00524,commerce,seoul,pro,25,18.7,9,1,132.78,0
acct-00525,education,global,starter,4,61.45,7,1,258.73,0
acct-00526,commerce,seoul,free,35,8.06,5,0,209.67,0
acct-00527,commerce,daejeon,starter,58,30.17,15,1,140.41,0
acct-00528,finance,seoul,starter,9,65.79,7,4,59.58,0
acct-00529,health,busan,pro,9,63.73,8,1,67.07,0
acct-00530,gaming,incheon,free,59,93.82,9,2,171.44,0
acct-00531,finance,daejeon,free,24,64.5,12,1,216.68,0
acct-00532,health,incheon,free,44,31.3,5,3,212.27,0
acct-00533,health,global,free,26,11.0,7,2,149.01,0
acct-00534,gaming,seoul,starter,41,48.96,3,0,91.62,0
acct-00535,health,busan,starter,54,37.0,8,1,77.09,0
acct-00536,commerce,seoul,free,7,97.48,9,1,94.18,0
acct-00537,finance,daejeon,free,28,2.88,8,1,107.53,0
acct-00538,health,seoul,free,26,27.17,6,0,154.46,0
acct-00539,commerce,seoul,starter,1,103.07,1,0,185.03,0
acct-00540,education,global,starter,26,14.86,6,3,173.62,0
acct-00541,education,seoul,free,67,234.15,4,1,185.3,0
acct-00542,commerce,seoul,starter,70,10.12,7,0,74.38,0
acct-00543,education,seoul,pro,15,67.37,8,1,216.44,0
acct-00544,gaming,global,enterprise,42,16.97,7,1,200.42,0
acct-00545,gaming,seoul,free,24,15.15,8,3,57.29,0
acct-00546,gaming,busan,free,64,34.13,7,2,41.5,0
acct-00547,commerce,global,pro,31,20.47,12,1,244.89,0
acct-00548,commerce,daejeon,starter,9,114.22,9,2,122.87,0
acct-00549,education,global,starter,37,29.44,4,2,125.48,0
acct-00550,education,busan,enterprise,55,33.45,14,0,65.95,0
acct-00551,health,seoul,pro,42,40.35,10,1,146.62,0
acct-00552,gaming,seoul,starter,19,316.75,7,0,219.11,0
acct-00553,finance,incheon,enterprise,2,55.38,9,1,44.29,0
acct-00554,gaming,seoul,enterprise,20,59.9,6,2,145.91,0
acct-00555,gaming,busan,starter,17,54.83,7,2,317.27,0
acct-00556,commerce,daejeon,starter,5,32.96,5,1,170.24,0
acct-00557,finance,daejeon,pro,5,30.07,11,3,254.41,0
acct-00558,commerce,global,starter,63,69.02,10,1,74.11,0
acct-00559,commerce,seoul,pro,65,20.37,7,1,628.93,0
acct-00560,health,seoul,starter,25,8.91,10,1,294.99,0
acct-00561,health,global,starter,28,128.44,9,2,158.41,0
acct-00562,health,incheon,starter,5,58.14,11,2,56.04,0
acct-00563,finance,seoul,free,31,28.31,11,2,203.03,0
acct-00564,commerce,busan,starter,49,137.85,8,3,94.6,0
acct-00565,gaming,seoul,pro,64,57.94,3,2,81.31,0
acct-00566,gaming,incheon,free,13,67.85,9,1,233.85,1
acct-00567,commerce,incheon,starter,33,,9,1,293.89,0
acct-00568,education,daejeon,enterprise,25,13.03,10,1,246.82,0
acct-00569,finance,global,starter,53,35.58,9,3,59.15,0
acct-00570,finance,seoul,starter,31,35.35,7,0,238.67,0
acct-00571,education,busan,pro,46,44.51,7,1,215.28,0
acct-00572,education,global,pro,37,16.86,7,2,204.72,0
acct-00573,gaming,global,pro,59,203.93,11,4,105.07,0
acct-00574,commerce,busan,starter,57,8.65,9,2,188.97,0
acct-00575,education,busan,free,12,66.3,7,1,181.98,0
acct-00576,health,seoul,enterprise,28,18.23,6,0,67.0,0
acct-00577,education,incheon,starter,58,30.1,7,1,87.8,0
acct-00578,finance,seoul,free,37,17.38,7,0,152.18,0
acct-00579,health,daejeon,free,14,15.31,6,1,126.64,0
acct-00580,finance,incheon,pro,24,103.29,11,0,149.96,0
acct-00581,finance,seoul,free,47,141.27,8,2,204.76,0
acct-00582,gaming,seoul,starter,35,17.92,5,0,192.97,0
acct-00583,education,global,starter,9,48.93,8,0,63.55,0
acct-00584,education,incheon,starter,36,19.9,11,1,111.51,0
acct-00585,commerce,daejeon,free,37,30.81,5,1,141.42,0
acct-00586,commerce,seoul,pro,45,54.36,9,1,94.82,0
acct-00587,education,global,free,23,12.51,11,0,148.03,0
acct-00588,gaming,busan,pro,40,,12,2,212.4,0
acct-00589,finance,global,free,50,14.37,12,2,110.2,0
acct-00590,commerce,global,free,27,56.97,10,1,94.7,0
acct-00591,education,daejeon,starter,44,14.44,11,0,212.66,0
acct-00592,commerce,global,free,60,23.55,7,3,119.77,1
acct-00593,education,busan,free,70,120.68,4,1,106.79,0
acct-00594,gaming,seoul,enterprise,5,27.43,11,0,322.18,0
acct-00595,education,seoul,starter,55,152.91,8,1,206.33,0
acct-00596,health,seoul,free,41,53.17,11,2,106.22,0
acct-00597,commerce,seoul,free,47,43.66,3,3,161.1,0
acct-00598,finance,daejeon,starter,66,22.85,6,0,176.0,0
acct-00599,commerce,seoul,free,66,,7,2,132.46,0
acct-00600,gaming,incheon,free,8,13.65,8,5,222.0,0
acct-00601,finance,seoul,free,3,61.22,12,1,81.81,0
acct-00602,commerce,global,free,62,26.42,5,1,69.47,0
acct-00603,health,seoul,free,62,66.02,5,1,135.33,0
acct-00604,gaming,busan,free,67,50.65,10,0,78.57,0
acct-00605,gaming,incheon,free,2,16.72,12,0,148.13,0
acct-00606,education,global,free,4,22.03,6,3,156.79,0
acct-00607,education,incheon,starter,29,10.82,11,0,122.09,0
acct-00608,health,incheon,pro,36,138.1,6,0,75.56,0
acct-00609,education,busan,free,37,28.28,7,0,186.08,0
acct-00610,finance,global,starter,42,76.61,9,1,354.01,0
acct-00611,commerce,seoul,pro,67,22.4,4,6,78.25,0
acct-00612,health,incheon,pro,6,30.84,11,2,75.75,0
acct-00613,education,seoul,free,20,33.07,9,1,358.82,0
acct-00614,education,seoul,pro,11,13.44,5,3,65.17,0
acct-00615,commerce,seoul,free,25,254.18,7,2,265.19,0
acct-00616,health,busan,pro,54,49.58,9,4,18.53,0
acct-00617,finance,seoul,pro,52,47.86,8,2,67.27,0
acct-00618,finance,daejeon,starter,72,22.36,6,0,50.76,0
acct-00619,health,busan,free,36,30.92,11,1,220.83,0
acct-00620,finance,seoul,free,57,20.73,5,3,77.6,0
acct-00621,health,seoul,starter,9,15.55,8,1,138.57,0
acct-00622,commerce,seoul,pro,4,58.91,12,1,67.04,0
acct-00623,commerce,global,starter,45,18.39,7,0,55.2,0
acct-00624,health,seoul,starter,37,234.68,9,1,182.74,0
acct-00625,health,busan,starter,43,53.78,8,0,93.86,0
acct-00626,gaming,global,free,67,44.65,5,2,268.15,0
acct-00627,health,incheon,free,5,11.56,6,0,183.83,0
acct-00628,education,global,starter,35,86.01,14,1,46.55,0
acct-00629,education,seoul,starter,5,249.79,11,2,269.98,0
acct-00630,education,global,pro,44,98.13,6,1,99.72,0
acct-00631,gaming,seoul,free,7,33.56,11,0,217.26,0
acct-00632,commerce,seoul,free,20,19.04,8,5,148.76,1
acct-00633,education,seoul,enterprise,9,30.34,5,1,46.85,0
acct-00634,education,global,free,47,102.33,13,1,231.26,0
acct-00635,commerce,global,starter,10,19.26,4,3,179.86,0
acct-00636,education,daejeon,starter,23,40.37,9,0,265.36,0
acct-00637,finance,incheon,free,67,19.07,7,3,267.43,0
acct-00638,education,daejeon,free,3,24.5,6,2,187.6,0
acct-00639,finance,seoul,pro,14,21.42,13,0,274.63,0
acct-00640,health,seoul,pro,21,10.98,9,3,217.98,0
acct-00641,commerce,seoul,free,58,10.37,9,0,60.41,0
acct-00642,finance,incheon,free,68,75.62,9,1,93.62,0
acct-00643,commerce,seoul,starter,27,17.8,7,0,89.84,0
acct-00644,finance,busan,pro,56,29.26,11,1,73.95,0
acct-00645,education,busan,free,31,47.32,7,0,91.34,0
acct-00646,education,seoul,starter,66,,8,3,187.79,0
acct-00647,health,daejeon,free,30,15.47,15,0,138.89,0
acct-00648,finance,global,pro,64,24.26,9,0,125.26,0
acct-00649,health,incheon,enterprise,45,21.02,8,0,69.1,0
acct-00650,commerce,busan,pro,26,19.53,6,0,68.31,0
acct-00651,finance,seoul,starter,56,16.18,11,1,164.77,0
acct-00652,finance,seoul,free,21,20.03,6,1,141.1,1
acct-00653,education,global,pro,57,23.17,5,4,211.08,0
acct-00654,gaming,daejeon,enterprise,12,36.55,6,2,174.59,0
acct-00655,commerce,seoul,starter,17,98.3,8,2,172.01,1
acct-00656,education,busan,starter,67,74.41,9,2,118.46,0
acct-00657,education,seoul,starter,47,122.45,2,0,122.74,0
acct-00658,commerce,global,starter,38,43.09,13,0,359.58,0
acct-00659,finance,seoul,starter,19,17.77,7,2,100.73,1
acct-00660,health,incheon,free,56,31.66,8,0,113.29,0
acct-00661,gaming,global,starter,26,15.12,10,1,104.77,0
acct-00662,commerce,daejeon,free,17,26.85,13,2,120.8,0
acct-00663,education,global,starter,43,21.44,4,0,25.81,0
acct-00664,health,global,pro,69,66.1,5,1,258.85,0
acct-00665,commerce,global,pro,25,8.33,7,1,203.54,0
acct-00666,commerce,global,starter,19,44.7,7,0,199.92,0
acct-00667,finance,incheon,free,8,13.19,9,2,123.62,0
acct-00668,finance,incheon,free,2,94.29,12,1,95.06,1
acct-00669,commerce,seoul,starter,62,23.38,7,0,178.51,0
acct-00670,health,seoul,free,51,34.6,11,2,204.32,0
acct-00671,health,busan,pro,41,78.22,14,3,112.07,0
acct-00672,finance,busan,free,35,37.89,9,0,152.47,0
acct-00673,education,incheon,pro,7,139.99,9,1,66.94,0
acct-00674,finance,global,pro,32,32.13,8,2,36.61,0
acct-00675,commerce,busan,enterprise,43,25.96,7,0,163.55,0
acct-00676,gaming,seoul,starter,7,13.7,5,2,123.66,0
acct-00677,education,seoul,free,51,19.57,7,1,108.46,0
acct-00678,education,seoul,starter,28,40.72,8,3,187.54,0
acct-00679,commerce,busan,free,9,26.75,8,1,53.4,0
acct-00680,commerce,seoul,free,20,43.68,9,0,134.6,0
acct-00681,education,daejeon,starter,50,75.88,9,1,106.62,0
acct-00682,health,global,pro,55,64.9,9,0,92.04,0
acct-00683,finance,seoul,free,20,110.37,12,1,136.7,0
acct-00684,education,busan,pro,57,13.62,9,3,198.96,0
acct-00685,education,busan,pro,32,14.15,10,2,240.68,0
acct-00686,gaming,seoul,pro,16,25.13,9,0,27.42,0
acct-00687,gaming,global,pro,46,6.86,10,1,265.38,0
acct-00688,finance,seoul,free,46,180.96,8,2,232.91,0
acct-00689,commerce,seoul,pro,61,152.85,10,2,257.03,0
acct-00690,gaming,global,pro,66,53.44,6,0,68.59,0
acct-00691,commerce,seoul,starter,10,62.92,7,2,116.87,0
acct-00692,health,busan,starter,54,10.19,9,1,290.39,0
acct-00693,gaming,seoul,starter,3,49.31,14,3,201.47,0
acct-00694,commerce,global,free,47,52.97,5,1,97.87,0
acct-00695,commerce,global,free,41,13.98,3,2,148.68,0
acct-00696,commerce,seoul,starter,47,23.03,7,1,102.78,0
acct-00697,health,seoul,pro,10,22.08,6,1,51.5,0
acct-00698,commerce,seoul,enterprise,4,47.06,14,2,199.24,0
acct-00699,finance,incheon,starter,22,73.24,7,0,109.17,0
acct-00700,finance,global,free,15,14.33,7,1,153.81,0
acct-00701,finance,daejeon,enterprise,32,60.65,3,1,36.23,0
acct-00702,gaming,seoul,free,20,29.96,16,3,47.17,0
acct-00703,education,global,pro,51,53.64,7,4,36.46,0
acct-00704,commerce,busan,free,2,55.89,5,0,428.29,1
acct-00705,education,global,pro,62,33.47,11,1,134.95,0
acct-00706,health,seoul,free,42,25.7,6,2,183.58,0
acct-00707,education,seoul,pro,5,204.16,12,1,129.81,0
acct-00708,education,seoul,pro,18,134.89,7,0,118.63,0
acct-00709,gaming,seoul,starter,63,149.24,6,2,186.57,0
acct-00710,gaming,seoul,free,4,36.84,4,2,165.24,0
acct-00711,health,seoul,free,15,101.95,6,2,76.03,0
acct-00712,commerce,incheon,free,35,12.69,10,2,301.13,1
acct-00713,commerce,seoul,pro,28,14.27,6,4,110.91,0
acct-00714,commerce,busan,starter,39,42.59,10,0,154.7,0
acct-00715,health,incheon,starter,32,24.88,10,2,138.41,0
acct-00716,commerce,seoul,free,68,32.42,5,3,163.74,0
acct-00717,commerce,busan,starter,15,152.14,11,0,107.21,0
acct-00718,education,seoul,starter,46,80.85,11,1,110.55,0
acct-00719,gaming,seoul,pro,45,9.59,12,3,208.6,0
acct-00720,education,busan,free,36,41.41,8,2,162.94,0
acct-00721,gaming,seoul,free,33,41.66,7,0,87.17,0
acct-00722,health,global,pro,66,12.42,5,1,128.14,0
acct-00723,commerce,incheon,starter,70,87.1,11,2,215.64,0
acct-00724,finance,global,enterprise,34,33.75,8,0,235.46,0
acct-00725,health,seoul,starter,41,82.4,6,1,247.75,0
acct-00726,health,daejeon,free,53,16.45,10,1,66.26,0
acct-00727,commerce,seoul,free,19,10.89,8,1,135.84,0
acct-00728,education,seoul,starter,4,85.33,11,2,162.26,0
acct-00729,education,global,starter,14,10.66,9,3,133.64,0
acct-00730,health,busan,free,60,37.27,3,0,217.78,0
acct-00731,gaming,global,enterprise,69,52.78,9,1,64.95,0
acct-00732,gaming,seoul,free,16,57.47,4,0,44.27,0
acct-00733,commerce,global,pro,58,29.21,11,1,91.4,0
acct-00734,health,incheon,free,48,31.97,9,3,282.38,0
acct-00735,health,busan,free,44,15.43,3,0,139.42,0
acct-00736,health,seoul,pro,22,18.38,9,2,216.17,0
acct-00737,education,daejeon,pro,45,16.5,4,0,158.43,0
acct-00738,health,busan,free,40,24.62,7,1,151.32,0
acct-00739,commerce,seoul,starter,22,35.24,4,0,213.7,0
acct-00740,commerce,global,pro,26,60.58,10,0,92.15,0
acct-00741,health,incheon,free,15,20.64,10,0,57.92,0
acct-00742,commerce,global,pro,37,155.97,9,2,147.14,0
acct-00743,gaming,global,free,32,32.61,7,1,174.19,0
acct-00744,commerce,daejeon,starter,42,43.88,8,1,90.91,0
acct-00745,education,global,free,69,253.02,13,2,261.5,0
acct-00746,commerce,busan,free,21,15.22,6,4,245.95,1
acct-00747,health,seoul,pro,49,16.91,11,2,176.02,0
acct-00748,finance,busan,free,58,28.56,9,0,143.61,0
acct-00749,health,daejeon,starter,43,89.0,15,1,228.46,0
acct-00750,health,daejeon,starter,53,5.01,5,2,185.43,1
acct-00751,education,busan,starter,45,19.21,6,2,80.72,0
acct-00752,commerce,seoul,pro,16,12.29,8,1,139.6,0
acct-00753,education,global,free,30,13.08,6,2,132.91,0
acct-00754,gaming,daejeon,free,17,139.96,9,0,216.51,0
acct-00755,education,global,starter,38,47.27,5,0,99.91,0
acct-00756,commerce,seoul,starter,27,25.99,8,2,84.44,0
acct-00757,gaming,incheon,free,2,10.31,4,2,176.19,1
acct-00758,health,seoul,enterprise,3,54.13,8,1,173.51,0
acct-00759,finance,daejeon,free,52,11.97,9,2,180.97,0
acct-00760,gaming,seoul,free,13,9.99,9,0,194.5,0
acct-00761,education,seoul,free,18,41.82,10,2,213.96,0
acct-00762,gaming,busan,free,65,79.13,8,0,134.29,0
acct-00763,commerce,busan,enterprise,59,45.97,7,1,166.09,0
acct-00764,commerce,global,free,47,11.18,2,1,124.59,0
acct-00765,education,seoul,starter,28,18.47,9,1,42.56,0
acct-00766,education,global,free,68,99.66,8,1,178.88,0
acct-00767,commerce,seoul,free,35,43.91,7,3,222.48,0
acct-00768,education,global,starter,21,17.15,14,1,233.19,0
acct-00769,commerce,busan,free,15,19.49,4,0,107.95,0
acct-00770,gaming,daejeon,free,33,28.97,9,2,59.11,0
acct-00771,gaming,global,pro,16,15.93,9,0,230.6,0
acct-00772,education,busan,starter,7,8.86,6,1,173.98,0
acct-00773,gaming,seoul,free,6,80.83,11,0,85.0,0
acct-00774,finance,seoul,free,56,65.4,9,3,176.92,0
acct-00775,commerce,seoul,starter,34,65.31,4,0,48.62,0
acct-00776,gaming,seoul,free,47,16.16,11,1,259.08,0
acct-00777,education,global,enterprise,3,47.76,7,2,272.71,0
acct-00778,gaming,global,starter,61,13.48,10,2,125.41,0
acct-00779,finance,seoul,starter,72,21.31,12,2,198.54,0
acct-00780,gaming,seoul,pro,70,37.53,5,1,157.11,0
acct-00781,commerce,seoul,free,37,37.42,7,1,138.9,0
acct-00782,finance,busan,starter,44,16.25,5,2,133.07,0
acct-00783,health,daejeon,enterprise,12,52.4,12,3,182.87,0
acct-00784,finance,busan,pro,31,67.81,11,0,196.36,0
acct-00785,education,seoul,pro,26,35.55,7,1,287.75,0
acct-00786,gaming,incheon,free,20,18.74,9,1,89.81,0
acct-00787,finance,seoul,free,46,5.19,7,1,162.22,0
acct-00788,education,seoul,starter,13,38.58,4,0,67.29,0
acct-00789,gaming,daejeon,starter,1,7.37,9,0,110.48,0
acct-00790,health,seoul,free,69,11.18,11,1,173.42,0
acct-00791,education,busan,pro,39,52.51,10,1,123.89,0
acct-00792,commerce,incheon,free,10,30.79,8,3,185.75,0
acct-00793,commerce,incheon,free,9,57.15,13,0,266.1,1
acct-00794,finance,seoul,free,41,17.18,7,1,249.42,0
acct-00795,health,seoul,free,31,11.18,10,3,57.36,1
acct-00796,finance,global,enterprise,3,24.29,7,2,72.02,1
acct-00797,education,busan,free,41,,9,1,153.99,1
acct-00798,finance,global,pro,13,42.1,13,1,95.57,0
acct-00799,education,seoul,pro,72,18.45,7,1,288.17,1
acct-00800,gaming,seoul,pro,44,42.1,9,1,125.65,0
acct-00801,education,busan,starter,25,19.62,14,0,137.95,0
acct-00802,commerce,seoul,free,43,49.98,7,1,106.54,0
acct-00803,finance,seoul,enterprise,5,15.51,8,0,313.81,0
acct-00804,commerce,seoul,pro,27,15.92,13,4,91.92,0
acct-00805,commerce,seoul,starter,34,29.06,8,2,104.72,0
acct-00806,gaming,global,free,12,6.21,7,2,345.44,1
acct-00807,gaming,seoul,free,65,28.5,10,2,236.65,0
acct-00808,health,incheon,starter,10,26.75,12,0,212.28,0
acct-00809,commerce,global,free,43,16.45,9,3,97.75,0
acct-00810,education,daejeon,starter,38,27.19,6,3,175.88,0
acct-00811,finance,busan,starter,44,46.16,9,1,300.51,0
acct-00812,education,global,free,35,70.08,5,3,91.96,0
acct-00813,commerce,incheon,free,48,30.22,4,0,149.49,0
acct-00814,education,global,pro,44,62.37,5,1,269.18,0
acct-00815,commerce,daejeon,free,63,41.12,8,3,237.63,0
acct-00816,education,incheon,starter,15,20.61,9,3,90.37,0
acct-00817,health,seoul,free,66,90.28,8,0,86.78,0
acct-00818,finance,seoul,pro,58,26.28,8,0,88.8,0
acct-00819,commerce,seoul,free,14,25.79,5,0,31.95,0
acct-00820,health,seoul,pro,62,40.05,12,2,81.56,0
acct-00821,education,seoul,enterprise,59,21.41,10,1,185.92,0
acct-00822,finance,seoul,free,50,49.62,6,2,147.77,0
acct-00823,finance,seoul,starter,31,31.24,9,1,187.76,0
acct-00824,finance,seoul,free,56,16.35,5,1,68.29,0
acct-00825,health,incheon,free,68,49.82,11,1,118.51,0
acct-00826,commerce,global,pro,30,10.58,7,1,254.57,0
acct-00827,commerce,incheon,free,3,26.02,10,1,180.31,0
acct-00828,finance,busan,free,26,11.97,8,4,230.25,0
acct-00829,gaming,daejeon,free,16,31.67,7,1,299.88,1
acct-00830,commerce,daejeon,pro,15,110.01,10,1,127.41,0
acct-00831,education,seoul,pro,67,35.86,14,0,270.16,0
acct-00832,gaming,seoul,starter,65,35.04,10,0,134.29,0
acct-00833,commerce,seoul,free,44,48.06,12,1,77.85,0
acct-00834,finance,seoul,starter,72,47.57,8,0,101.42,0
acct-00835,finance,incheon,pro,32,23.51,3,0,70.04,0
acct-00836,education,seoul,starter,52,8.45,8,1,234.9,0
acct-00837,commerce,incheon,enterprise,26,23.11,5,2,67.45,0
acct-00838,commerce,busan,free,65,40.04,5,2,149.71,0
acct-00839,education,seoul,pro,26,32.75,11,1,204.5,0
acct-00840,finance,seoul,pro,61,22.34,7,0,143.77,0
acct-00841,finance,seoul,pro,51,154.17,9,2,100.61,0
acct-00842,gaming,global,free,31,34.66,6,2,129.18,1
acct-00843,commerce,busan,free,45,114.58,3,1,284.25,0
acct-00844,gaming,global,free,64,23.39,13,1,74.99,0
acct-00845,education,global,pro,48,19.63,6,3,100.89,0
acct-00846,education,global,starter,6,30.14,6,1,143.26,0
acct-00847,health,daejeon,free,6,26.73,3,2,82.94,1
acct-00848,commerce,seoul,free,17,2.43,13,0,289.68,0
acct-00849,health,seoul,pro,38,32.36,4,0,143.91,0
acct-00850,education,global,pro,69,31.6,7,2,439.78,0
acct-00851,health,daejeon,starter,46,25.73,6,0,199.18,0
acct-00852,commerce,busan,pro,62,45.04,5,2,95.47,0
acct-00853,education,seoul,free,45,25.47,9,2,18.93,0
acct-00854,health,seoul,starter,59,134.75,9,0,149.68,0
acct-00855,commerce,incheon,enterprise,55,16.8,3,1,178.69,0
acct-00856,gaming,busan,free,71,7.58,10,0,310.49,0
acct-00857,commerce,seoul,free,53,,4,1,94.99,0
acct-00858,gaming,seoul,starter,42,9.58,10,0,153.12,0
acct-00859,finance,seoul,pro,56,38.29,9,1,158.55,0
acct-00860,health,incheon,starter,37,46.28,10,1,102.68,0
acct-00861,gaming,seoul,pro,37,,4,0,166.7,1
acct-00862,gaming,incheon,pro,32,134.26,6,3,350.31,0
acct-00863,finance,seoul,starter,15,63.05,7,1,333.1,0
acct-00864,commerce,busan,starter,38,9.07,5,0,205.93,0
acct-00865,commerce,daejeon,pro,15,23.61,10,1,46.14,0
acct-00866,commerce,busan,pro,30,11.01,10,1,163.76,0
acct-00867,gaming,seoul,enterprise,29,14.52,10,1,108.5,0
acct-00868,education,seoul,free,54,,5,1,264.45,0
acct-00869,education,global,pro,7,17.64,10,1,115.36,0
acct-00870,commerce,seoul,free,57,9.96,12,3,289.63,0
acct-00871,gaming,busan,starter,26,43.98,6,0,160.51,0
acct-00872,gaming,daejeon,starter,17,251.85,9,0,73.51,0
acct-00873,gaming,global,starter,36,18.36,3,0,120.22,0
acct-00874,commerce,seoul,starter,28,25.5,6,1,131.38,0
acct-00875,health,seoul,pro,43,,9,4,88.66,0
acct-00876,education,seoul,starter,24,48.0,5,3,78.96,0
acct-00877,finance,daejeon,free,22,14.22,5,0,52.98,0
acct-00878,finance,busan,pro,39,23.65,7,0,121.8,0
acct-00879,health,seoul,pro,48,24.56,6,1,296.43,0
acct-00880,commerce,seoul,pro,67,44.46,9,1,42.96,0
acct-00881,commerce,seoul,free,45,50.95,10,3,527.61,0
acct-00882,education,seoul,free,30,64.45,5,0,124.01,0
acct-00883,education,incheon,starter,34,19.96,9,0,161.44,0
acct-00884,gaming,busan,free,40,11.12,12,1,51.64,0
acct-00885,commerce,seoul,free,32,39.82,3,0,220.63,0
acct-00886,finance,daejeon,enterprise,18,114.63,8,1,127.82,0
acct-00887,commerce,daejeon,free,20,49.85,14,1,39.03,0
acct-00888,gaming,seoul,starter,3,24.72,6,1,80.8,0
acct-00889,education,seoul,free,8,48.89,8,2,73.03,0
acct-00890,health,seoul,free,72,99.35,10,0,83.48,0
acct-00891,gaming,seoul,starter,62,43.1,9,2,66.41,0
acct-00892,gaming,incheon,free,43,32.8,7,1,30.03,0
acct-00893,education,seoul,free,69,35.7,4,2,104.37,0
acct-00894,finance,seoul,starter,46,14.22,13,3,159.07,0
acct-00895,commerce,incheon,starter,61,88.64,6,1,228.56,0
acct-00896,health,global,free,22,105.37,3,2,83.81,0
acct-00897,gaming,global,pro,23,18.55,7,2,171.08,0
acct-00898,education,daejeon,starter,70,26.78,8,3,302.6,0
acct-00899,gaming,seoul,free,23,28.5,5,4,107.84,1
acct-00900,health,seoul,starter,68,57.12,5,0,53.68,0
acct-00901,finance,seoul,starter,4,5.5,7,0,194.28,0
acct-00902,commerce,seoul,free,41,10.61,15,1,158.16,0
acct-00903,commerce,seoul,starter,62,40.23,2,1,160.3,0
acct-00904,commerce,seoul,starter,38,30.51,10,3,327.53,0
acct-00905,gaming,seoul,free,19,23.02,12,2,36.36,0
acct-00906,finance,seoul,free,8,48.1,5,1,113.36,0
acct-00907,commerce,incheon,starter,41,71.1,11,0,86.14,0
acct-00908,health,incheon,pro,18,26.3,15,4,165.78,0
acct-00909,education,incheon,starter,7,27.92,9,1,272.7,0
acct-00910,finance,seoul,starter,1,20.13,6,2,142.82,0
acct-00911,education,seoul,starter,64,122.7,7,4,158.11,0
acct-00912,gaming,seoul,pro,57,73.09,8,2,251.77,0
acct-00913,education,seoul,starter,8,83.46,7,1,132.78,0
acct-00914,health,global,starter,21,28.66,6,1,61.6,0
acct-00915,commerce,seoul,starter,68,61.88,4,0,74.23,0
acct-00916,commerce,seoul,free,61,25.61,7,0,72.99,0
acct-00917,health,daejeon,enterprise,12,74.18,9,4,186.57,1
acct-00918,commerce,daejeon,starter,2,25.56,4,1,151.65,0
acct-00919,education,global,free,65,28.33,11,2,122.24,0
acct-00920,health,incheon,free,61,31.99,8,4,176.77,0
acct-00921,gaming,incheon,starter,64,35.83,10,2,91.58,0
acct-00922,education,seoul,starter,58,27.01,8,1,180.56,0
acct-00923,gaming,seoul,pro,33,72.37,6,0,193.56,0
acct-00924,education,incheon,free,40,92.1,6,2,188.74,0
acct-00925,commerce,busan,starter,70,24.62,5,1,133.69,0
acct-00926,finance,daejeon,starter,33,28.6,8,2,289.7,0
acct-00927,gaming,seoul,pro,8,98.4,7,1,211.37,0
acct-00928,gaming,global,pro,70,20.29,5,2,347.23,0
acct-00929,finance,global,enterprise,7,62.82,8,0,139.55,0
acct-00930,commerce,seoul,pro,55,47.31,12,1,266.37,0
acct-00931,health,seoul,enterprise,11,119.14,8,2,125.8,0
acct-00932,finance,seoul,free,26,19.82,9,2,70.37,0
acct-00933,gaming,incheon,starter,51,127.98,8,0,176.59,0
acct-00934,commerce,seoul,starter,8,30.2,2,1,169.72,0
acct-00935,commerce,global,starter,64,15.78,8,1,77.12,0
acct-00936,education,global,pro,16,27.15,6,1,228.24,0
acct-00937,health,busan,free,59,69.06,8,2,195.91,0
acct-00938,gaming,seoul,free,2,34.74,6,1,140.34,0
acct-00939,gaming,seoul,enterprise,50,22.86,6,2,174.26,0
acct-00940,education,seoul,free,63,16.1,5,2,82.62,0
acct-00941,education,incheon,free,56,32.71,6,2,151.12,0
acct-00942,gaming,seoul,starter,38,14.17,13,5,122.58,0
acct-00943,gaming,seoul,starter,34,27.91,4,2,81.66,0
acct-00944,education,global,free,3,107.26,7,3,126.53,1
acct-00945,health,seoul,starter,17,21.33,6,0,123.8,0
acct-00946,commerce,daejeon,starter,58,31.4,9,1,104.28,0
acct-00947,commerce,global,starter,53,89.81,7,1,294.7,0
acct-00948,finance,seoul,starter,47,38.81,6,0,162.05,0
acct-00949,commerce,incheon,enterprise,39,18.66,7,2,127.4,0
acct-00950,commerce,busan,enterprise,71,10.65,8,1,85.71,0
acct-00951,finance,daejeon,enterprise,38,11.81,8,2,114.03,0
acct-00952,education,seoul,enterprise,42,37.22,12,0,112.48,0
acct-00953,commerce,seoul,free,37,92.13,8,0,133.54,0
acct-00954,education,daejeon,free,2,19.99,7,2,99.8,0
acct-00955,finance,seoul,pro,36,51.45,11,2,155.58,0
acct-00956,finance,seoul,pro,32,38.12,11,2,158.53,0
acct-00957,commerce,seoul,pro,47,23.03,5,5,121.06,0
acct-00958,health,incheon,free,31,45.89,6,0,256.38,0
acct-00959,gaming,seoul,starter,25,62.76,8,2,159.79,0
acct-00960,education,incheon,free,9,35.5,10,1,241.41,1
acct-00961,finance,busan,starter,16,29.46,6,1,165.79,0
acct-00962,health,seoul,starter,59,15.5,10,0,201.47,0
acct-00963,education,seoul,enterprise,53,18.18,9,3,87.25,0
acct-00964,commerce,global,free,63,71.87,7,2,226.33,0
acct-00965,gaming,busan,free,16,27.6,6,1,240.03,0
acct-00966,commerce,daejeon,pro,64,60.25,8,0,158.06,0
acct-00967,gaming,seoul,free,4,156.48,7,2,92.64,0
acct-00968,gaming,busan,starter,6,49.27,12,1,156.05,0
acct-00969,commerce,seoul,pro,30,6.28,5,0,139.61,0
acct-00970,gaming,seoul,starter,4,47.41,8,2,18.58,0
acct-00971,education,seoul,enterprise,9,29.0,12,3,182.35,0
acct-00972,commerce,seoul,free,13,48.81,9,2,84.44,1
acct-00973,education,seoul,free,21,25.02,12,2,217.84,0
acct-00974,gaming,busan,starter,15,45.08,5,1,133.99,0
acct-00975,finance,seoul,starter,44,10.04,3,1,78.81,0
acct-00976,commerce,seoul,pro,69,22.36,12,0,140.32,0
acct-00977,education,seoul,free,47,25.14,7,3,209.79,0
acct-00978,gaming,daejeon,free,44,44.29,5,0,121.0,0
acct-00979,gaming,daejeon,starter,61,81.2,7,3,155.81,0
acct-00980,education,seoul,free,50,120.66,12,1,132.03,0
acct-00981,gaming,busan,free,44,57.05,5,0,227.42,0
acct-00982,commerce,seoul,free,59,84.95,7,3,57.97,0
acct-00983,education,seoul,pro,33,48.63,9,0,120.26,0
acct-00984,health,seoul,free,15,35.9,7,2,344.33,1
acct-00985,commerce,seoul,free,65,25.7,9,1,170.62,0
acct-00986,commerce,incheon,pro,23,23.96,8,3,171.76,0
acct-00987,commerce,seoul,pro,22,,7,0,97.31,0
acct-00988,education,seoul,starter,58,119.01,12,0,121.89,0
acct-00989,gaming,seoul,enterprise,45,44.01,6,1,128.52,0
acct-00990,health,incheon,free,54,17.35,9,0,167.25,0
acct-00991,education,seoul,pro,61,18.08,6,0,86.14,0
acct-00992,finance,incheon,free,20,37.3,7,1,82.45,0
acct-00993,finance,seoul,free,37,37.62,6,2,113.28,0
acct-00994,commerce,busan,enterprise,40,42.75,9,2,71.56,0
acct-00995,education,incheon,starter,12,,10,1,82.91,0
acct-00996,gaming,incheon,pro,31,38.37,7,0,107.52,0
acct-00997,health,global,starter,2,63.9,6,2,226.46,1
acct-00998,gaming,global,pro,10,41.62,10,0,331.05,0
acct-00999,gaming,incheon,pro,35,83.32,7,1,80.17,0
acct-01000,commerce,seoul,enterprise,4,15.29,9,1,129.5,0
acct-01001,finance,busan,free,8,75.01,9,0,77.99,0
acct-01002,education,global,pro,10,59.09,3,0,172.2,0
acct-01003,health,global,starter,13,22.78,4,4,151.91,1
acct-01004,finance,seoul,starter,4,16.68,9,5,121.13,0
acct-01005,commerce,busan,free,4,25.33,8,3,234.53,0
acct-01006,health,busan,pro,28,48.59,8,3,272.71,0
acct-01007,commerce,seoul,starter,28,23.26,8,0,25.92,0
acct-01008,education,global,free,42,31.43,11,1,69.97,0
acct-01009,health,global,starter,40,88.81,7,1,131.58,0
acct-01010,health,seoul,starter,12,30.56,6,1,160.68,0
acct-01011,commerce,seoul,pro,67,12.09,7,0,234.36,0
acct-01012,education,global,free,13,11.41,8,3,199.53,0
acct-01013,commerce,busan,pro,12,79.47,12,0,105.56,0
acct-01014,gaming,daejeon,free,38,17.78,8,2,126.99,0
acct-01015,education,global,free,46,17.26,9,0,66.97,0
acct-01016,health,incheon,starter,62,49.22,10,5,121.13,0
acct-01017,education,seoul,free,22,18.39,8,0,126.74,0
acct-01018,commerce,daejeon,free,52,11.96,6,3,72.73,0
acct-01019,education,global,free,30,20.75,8,1,106.14,0
acct-01020,commerce,daejeon,starter,19,34.03,8,1,161.82,0
acct-01021,commerce,incheon,starter,52,13.77,3,0,50.81,0
acct-01022,commerce,busan,free,40,64.97,9,0,208.87,0
acct-01023,education,seoul,free,14,20.46,7,2,235.56,0
acct-01024,commerce,global,free,70,125.46,12,3,99.77,0
acct-01025,education,seoul,pro,17,59.14,8,3,160.8,0
acct-01026,gaming,seoul,free,55,114.32,5,2,135.81,0
acct-01027,finance,incheon,pro,37,33.93,7,1,112.61,0
acct-01028,education,seoul,free,8,20.25,7,1,200.1,0
acct-01029,gaming,seoul,pro,49,43.06,6,1,94.74,0
acct-01030,finance,global,starter,42,6.72,6,4,55.88,0
acct-01031,commerce,seoul,enterprise,27,39.62,5,1,115.96,0
acct-01032,commerce,seoul,free,1,28.93,10,0,278.35,0
acct-01033,commerce,daejeon,starter,35,89.62,4,0,113.53,0
acct-01034,gaming,global,pro,45,63.15,4,1,85.02,0
acct-01035,finance,global,enterprise,32,60.15,6,2,246.35,0
acct-01036,commerce,busan,pro,37,72.26,5,3,111.96,0
acct-01037,finance,global,enterprise,14,15.18,9,1,198.3,0
acct-01038,gaming,global,starter,29,16.78,7,3,273.35,0
acct-01039,commerce,global,free,8,10.15,8,1,234.57,0
acct-01040,commerce,busan,enterprise,20,56.39,8,2,118.45,0
acct-01041,health,global,free,31,39.84,8,3,77.66,0
acct-01042,education,global,pro,6,43.86,11,2,56.75,0
acct-01043,commerce,busan,starter,38,,6,2,123.53,0
acct-01044,commerce,seoul,pro,23,27.31,7,2,74.14,0
acct-01045,gaming,global,free,21,17.96,6,1,79.97,0
acct-01046,finance,global,free,3,13.2,9,4,102.74,0
acct-01047,gaming,seoul,starter,48,181.52,7,0,175.7,0
acct-01048,commerce,busan,free,15,72.56,9,1,133.0,0
acct-01049,health,global,starter,61,17.0,11,3,96.37,0
acct-01050,gaming,seoul,free,52,62.36,6,3,146.66,0
acct-01051,commerce,seoul,pro,8,26.28,9,0,124.98,0
acct-01052,education,incheon,free,61,32.08,8,3,77.46,0
acct-01053,commerce,global,pro,40,,8,2,146.77,0
acct-01054,gaming,daejeon,free,66,61.45,6,1,203.69,0
acct-01055,education,seoul,pro,70,29.2,8,2,249.23,0
acct-01056,gaming,daejeon,pro,20,18.08,9,0,101.7,0
acct-01057,commerce,busan,pro,26,40.13,10,1,46.36,0
acct-01058,gaming,seoul,pro,3,115.03,8,2,285.82,0
acct-01059,education,global,starter,46,84.59,8,2,235.61,0
acct-01060,finance,daejeon,pro,63,72.47,7,2,242.62,0
acct-01061,health,busan,pro,27,77.35,9,0,295.48,0
acct-01062,gaming,global,free,53,43.73,6,2,332.77,0
acct-01063,commerce,global,free,8,23.37,4,1,238.5,0
acct-01064,gaming,seoul,starter,56,32.35,9,1,99.75,0
acct-01065,commerce,seoul,starter,45,260.51,9,1,145.62,0
acct-01066,gaming,busan,pro,14,25.14,10,0,51.72,0
acct-01067,education,daejeon,enterprise,70,136.77,10,1,95.89,0
acct-01068,education,busan,pro,29,49.51,10,2,180.67,0
acct-01069,gaming,seoul,pro,40,14.85,9,2,62.66,0
acct-01070,commerce,seoul,starter,2,45.89,5,3,82.46,0
acct-01071,education,busan,starter,56,21.15,11,1,97.58,0
acct-01072,commerce,daejeon,pro,44,16.94,7,1,136.66,0
acct-01073,gaming,global,starter,30,56.55,7,0,110.93,0
acct-01074,health,global,starter,37,21.65,5,1,109.96,0
acct-01075,education,global,pro,20,24.03,6,3,99.21,0
acct-01076,commerce,daejeon,starter,40,33.32,10,2,151.37,0
acct-01077,gaming,seoul,pro,43,11.86,10,0,250.48,0
acct-01078,education,seoul,free,53,48.67,4,2,70.36,0
acct-01079,education,seoul,pro,67,40.99,12,2,95.14,0
acct-01080,commerce,global,enterprise,41,15.17,4,0,120.81,0
acct-01081,education,global,pro,38,42.44,10,2,83.45,0
acct-01082,gaming,seoul,pro,49,23.63,3,2,122.47,0
acct-01083,commerce,daejeon,starter,6,12.63,3,1,396.74,0
acct-01084,gaming,seoul,enterprise,60,104.89,7,2,127.19,0
acct-01085,finance,incheon,pro,34,11.31,8,1,201.3,0
acct-01086,commerce,daejeon,pro,64,43.71,11,0,44.76,0
acct-01087,education,busan,free,47,22.47,4,2,82.05,0
acct-01088,health,seoul,free,38,,15,1,186.08,0
acct-01089,commerce,daejeon,pro,18,18.64,4,2,151.57,0
acct-01090,commerce,seoul,starter,36,7.11,10,1,73.82,0
acct-01091,commerce,busan,starter,53,33.86,7,2,97.88,0
acct-01092,education,seoul,enterprise,54,66.39,12,4,141.64,0
acct-01093,gaming,busan,pro,11,19.08,10,3,215.56,0
acct-01094,education,incheon,starter,23,14.78,9,2,55.0,0
acct-01095,health,incheon,pro,69,25.44,6,1,181.13,0
acct-01096,health,incheon,free,4,75.86,5,0,140.35,0
acct-01097,education,daejeon,free,13,24.16,6,2,288.66,0
acct-01098,finance,daejeon,starter,32,116.59,6,0,93.21,0
acct-01099,gaming,incheon,enterprise,60,95.01,4,1,61.79,0
acct-01100,finance,daejeon,pro,67,34.83,2,3,116.71,0
acct-01101,gaming,global,pro,58,15.54,8,0,76.38,0
acct-01102,gaming,busan,starter,18,27.08,10,2,217.93,0
acct-01103,education,seoul,enterprise,65,17.42,9,1,91.0,0
acct-01104,education,incheon,pro,25,11.19,11,0,210.93,0
acct-01105,health,incheon,enterprise,62,21.07,10,2,224.3,0
acct-01106,education,seoul,free,60,42.83,6,1,127.56,0
acct-01107,commerce,global,starter,57,45.54,5,0,109.27,0
acct-01108,gaming,incheon,starter,71,182.03,10,1,60.59,0
acct-01109,education,global,starter,65,29.74,10,0,163.48,0
acct-01110,commerce,daejeon,pro,37,42.87,8,0,87.5,0
acct-01111,health,seoul,free,10,151.3,2,1,213.88,0
acct-01112,commerce,global,free,14,38.21,8,4,116.84,0
acct-01113,commerce,seoul,starter,24,47.84,8,3,172.23,0
acct-01114,education,seoul,enterprise,16,47.93,6,1,162.65,0
acct-01115,commerce,seoul,pro,64,7.43,7,1,79.81,0
acct-01116,finance,incheon,pro,47,70.47,6,3,102.55,0
acct-01117,gaming,seoul,pro,21,21.99,9,1,98.84,0
acct-01118,education,seoul,starter,21,20.04,6,2,166.39,0
acct-01119,finance,busan,pro,29,18.45,7,1,271.38,0
acct-01120,education,daejeon,pro,12,23.57,8,0,118.73,0
acct-01121,commerce,global,free,17,60.47,7,1,86.83,0
acct-01122,finance,seoul,starter,52,33.34,10,3,45.14,0
acct-01123,gaming,global,pro,56,19.91,9,3,165.5,0
acct-01124,finance,seoul,free,27,,9,0,83.98,0
acct-01125,gaming,daejeon,starter,55,24.41,11,1,287.79,0
acct-01126,commerce,busan,enterprise,67,52.05,7,2,120.15,0
acct-01127,gaming,seoul,starter,28,35.65,10,4,251.66,0
acct-01128,gaming,busan,free,40,58.61,7,2,74.49,0
acct-01129,health,busan,free,18,,3,2,248.11,1
acct-01130,commerce,global,starter,31,19.75,7,0,145.45,0
acct-01131,health,seoul,pro,17,10.78,5,1,37.68,0
acct-01132,commerce,seoul,pro,61,60.39,8,1,156.12,0
acct-01133,health,seoul,pro,28,7.03,3,2,125.26,0
acct-01134,gaming,seoul,starter,4,27.16,9,1,227.75,0
acct-01135,education,seoul,free,4,11.98,3,2,131.1,0
acct-01136,education,global,pro,27,22.46,9,1,215.58,0
acct-01137,finance,seoul,pro,7,13.28,10,3,184.28,0
acct-01138,commerce,seoul,pro,32,163.06,14,1,167.33,0
acct-01139,finance,seoul,free,33,111.6,6,0,102.45,0
acct-01140,gaming,incheon,starter,61,73.17,11,0,130.85,0
acct-01141,commerce,seoul,pro,28,31.05,9,0,158.68,0
acct-01142,gaming,seoul,pro,68,18.96,7,2,45.63,0
acct-01143,commerce,seoul,starter,66,52.0,7,0,221.31,0
acct-01144,finance,busan,starter,67,17.53,16,2,143.37,0
acct-01145,health,seoul,free,67,7.43,11,2,219.95,0
acct-01146,commerce,busan,free,59,33.04,5,0,184.9,0
acct-01147,finance,global,pro,27,11.49,8,3,106.45,0
acct-01148,commerce,seoul,starter,46,119.98,6,0,71.9,0
acct-01149,commerce,seoul,enterprise,35,16.81,8,2,284.32,0
acct-01150,commerce,global,free,21,17.16,8,1,95.62,1
acct-01151,health,seoul,free,48,36.63,9,3,50.71,0
acct-01152,health,busan,pro,35,123.32,7,2,154.2,0
acct-01153,finance,seoul,free,14,56.22,5,1,111.48,0
acct-01154,gaming,daejeon,starter,18,141.52,9,2,158.03,0
acct-01155,education,busan,free,15,29.22,10,1,162.61,0
acct-01156,gaming,seoul,free,66,18.43,7,2,86.5,0
acct-01157,education,seoul,enterprise,29,39.51,8,1,223.21,0
acct-01158,education,incheon,free,25,22.36,9,1,61.18,0
acct-01159,finance,global,pro,72,19.83,10,2,89.23,0
acct-01160,health,global,free,67,100.71,6,1,280.3,0
acct-01161,education,incheon,free,57,47.69,12,1,306.98,0
acct-01162,gaming,seoul,pro,1,32.68,11,0,136.44,0
acct-01163,gaming,seoul,free,12,6.24,4,1,157.71,0
acct-01164,gaming,busan,free,32,23.86,8,2,172.13,0
acct-01165,finance,seoul,free,7,46.95,8,4,187.28,0
acct-01166,gaming,seoul,starter,29,14.88,10,3,99.66,0
acct-01167,commerce,global,pro,39,7.22,4,2,112.44,0
acct-01168,commerce,busan,free,65,65.59,5,0,167.24,0
acct-01169,health,seoul,starter,42,22.05,10,2,122.19,0
acct-01170,health,seoul,free,19,42.39,4,1,170.57,0
acct-01171,commerce,seoul,free,19,59.26,7,2,68.85,0
acct-01172,commerce,daejeon,starter,37,10.8,9,1,145.06,0
acct-01173,commerce,busan,starter,18,97.98,11,2,298.32,0
acct-01174,education,seoul,free,35,35.84,9,0,114.8,0
acct-01175,education,global,free,15,63.34,9,3,246.79,0
acct-01176,gaming,seoul,pro,51,38.4,6,0,138.69,0
acct-01177,health,seoul,starter,72,44.79,10,0,235.75,0
acct-01178,commerce,daejeon,pro,72,28.35,9,5,98.18,0
acct-01179,health,seoul,enterprise,29,59.36,5,1,194.45,0
acct-01180,gaming,seoul,pro,13,8.13,7,5,218.93,1
acct-01181,finance,seoul,pro,64,19.67,5,0,67.6,0
acct-01182,education,global,free,70,40.18,12,0,138.22,0
acct-01183,education,seoul,starter,46,38.73,7,2,50.87,0
acct-01184,commerce,busan,pro,26,60.89,6,1,69.84,0
acct-01185,health,seoul,free,36,,11,0,175.16,0
acct-01186,commerce,seoul,starter,59,42.67,8,2,166.29,0
acct-01187,health,global,enterprise,15,35.39,4,2,121.61,0
acct-01188,commerce,global,starter,67,14.75,10,0,108.09,0
acct-01189,finance,daejeon,starter,53,19.38,4,1,173.19,0
acct-01190,health,seoul,free,56,54.08,8,0,365.19,0
acct-01191,commerce,busan,starter,33,,8,1,159.89,0
acct-01192,health,seoul,enterprise,59,29.88,4,2,197.84,0
acct-01193,commerce,busan,free,35,37.82,9,1,234.42,1
acct-01194,finance,global,free,20,37.62,5,2,99.25,0
acct-01195,finance,global,free,5,20.76,7,3,200.26,0
acct-01196,finance,global,starter,54,,4,0,205.11,0
acct-01197,commerce,global,starter,48,,9,1,185.57,0
acct-01198,health,busan,starter,71,21.97,11,3,247.3,0
acct-01199,finance,seoul,free,17,61.74,4,3,199.9,0
acct-01200,finance,seoul,starter,33,86.76,8,1,141.7,0
acct-01201,commerce,busan,starter,6,48.39,8,1,145.43,0
acct-01202,gaming,busan,starter,68,35.77,13,2,229.86,0
acct-01203,commerce,seoul,starter,36,41.23,8,2,111.4,0
acct-01204,commerce,global,pro,31,65.47,6,3,74.14,1
acct-01205,education,busan,starter,68,24.6,3,1,186.28,0
acct-01206,finance,seoul,starter,24,47.53,6,3,74.0,0
acct-01207,commerce,global,starter,9,27.94,5,1,133.02,0
acct-01208,health,daejeon,starter,37,54.36,11,3,81.2,0
acct-01209,education,global,starter,5,49.45,8,1,137.33,0
acct-01210,finance,busan,pro,42,24.34,1,2,92.29,0
acct-01211,gaming,global,pro,64,22.83,12,2,312.51,0
acct-01212,education,seoul,starter,46,96.63,12,4,268.43,0
acct-01213,commerce,busan,pro,69,113.85,6,1,56.4,0
acct-01214,gaming,seoul,free,65,191.7,8,0,252.47,0
acct-01215,commerce,busan,pro,32,24.78,8,1,95.15,0
acct-01216,education,daejeon,enterprise,27,15.07,6,1,114.24,0
acct-01217,health,seoul,enterprise,7,9.98,11,1,86.76,0
acct-01218,finance,seoul,starter,48,43.77,10,2,126.94,0
acct-01219,commerce,daejeon,free,49,8.31,6,1,63.59,0
acct-01220,health,seoul,free,13,20.14,4,0,53.76,0
acct-01221,commerce,seoul,free,16,41.79,12,2,179.95,0
acct-01222,health,seoul,free,54,58.57,8,0,128.84,0
acct-01223,commerce,busan,starter,45,23.51,8,0,132.18,0
acct-01224,commerce,daejeon,starter,63,9.58,6,2,87.15,0
acct-01225,commerce,global,enterprise,67,26.95,5,4,202.1,0
acct-01226,finance,seoul,free,25,,11,1,213.36,0
acct-01227,gaming,daejeon,pro,40,15.28,5,0,202.11,0
acct-01228,finance,incheon,free,4,34.75,6,1,84.78,0
acct-01229,education,seoul,free,53,130.0,7,1,306.16,0
acct-01230,health,daejeon,free,43,6.41,7,1,286.16,0
acct-01231,gaming,busan,free,20,48.63,12,1,206.2,0
acct-01232,commerce,seoul,enterprise,5,9.58,5,2,92.47,0
acct-01233,health,global,starter,28,131.94,4,1,41.35,0
acct-01234,commerce,global,pro,33,15.74,11,0,181.14,0
acct-01235,education,global,pro,44,67.91,7,1,145.7,0
acct-01236,commerce,incheon,free,66,19.92,14,0,78.08,0
acct-01237,education,seoul,pro,58,,7,0,115.07,0
acct-01238,commerce,global,free,22,11.7,10,1,53.52,0
acct-01239,gaming,seoul,free,23,9.72,7,0,215.34,0
acct-01240,gaming,seoul,starter,27,30.77,6,2,274.76,0
acct-01241,education,global,free,11,41.51,8,1,235.58,0
acct-01242,health,daejeon,free,18,34.15,4,2,257.65,0
acct-01243,commerce,busan,enterprise,3,20.41,11,1,314.54,0
acct-01244,commerce,seoul,starter,22,70.12,8,2,205.02,0
acct-01245,gaming,busan,free,20,39.23,4,1,157.19,0
acct-01246,commerce,busan,pro,11,18.59,9,0,86.74,0
acct-01247,gaming,busan,free,68,58.67,6,0,142.2,0
acct-01248,gaming,daejeon,starter,45,25.73,10,1,311.53,1
acct-01249,education,seoul,starter,60,52.76,3,0,78.71,0
acct-01250,education,seoul,pro,72,26.25,9,1,82.59,0
acct-01251,commerce,daejeon,pro,2,,2,0,56.66,0
acct-01252,finance,global,starter,19,32.38,8,3,86.73,0
acct-01253,finance,global,free,46,32.31,10,1,102.63,0
acct-01254,commerce,seoul,free,46,43.95,7,2,74.48,0
acct-01255,finance,incheon,free,6,75.27,8,2,170.9,0
acct-01256,gaming,seoul,pro,25,25.57,6,0,213.36,0
acct-01257,gaming,incheon,starter,36,51.57,11,0,151.17,0
acct-01258,commerce,busan,enterprise,54,7.62,9,1,302.42,0
acct-01259,health,seoul,free,27,16.29,11,1,55.45,0
acct-01260,commerce,seoul,pro,38,364.96,2,1,280.41,0
acct-01261,finance,seoul,free,32,26.25,8,3,87.34,1
acct-01262,commerce,seoul,free,65,16.26,9,3,253.31,1
acct-01263,gaming,seoul,starter,36,24.46,10,2,51.39,0
acct-01264,commerce,busan,free,38,30.36,10,0,218.29,0
acct-01265,health,seoul,enterprise,22,29.07,8,5,247.82,0
acct-01266,commerce,seoul,enterprise,56,42.19,12,0,256.9,0
acct-01267,gaming,global,free,21,32.34,6,1,73.58,0
acct-01268,finance,global,free,65,23.79,7,2,89.89,0
acct-01269,finance,seoul,starter,50,28.94,11,2,212.9,0
acct-01270,commerce,seoul,free,21,67.56,4,1,128.72,0
acct-01271,health,seoul,free,35,23.15,8,1,62.78,0
acct-01272,commerce,seoul,starter,28,53.39,9,0,81.83,0
acct-01273,health,seoul,starter,7,30.47,5,2,194.06,0
acct-01274,education,seoul,starter,22,17.47,12,1,168.64,0
acct-01275,education,seoul,starter,14,7.11,14,2,145.88,0
acct-01276,education,seoul,pro,54,46.07,9,3,225.83,0
acct-01277,health,seoul,starter,64,27.33,8,0,136.13,0
acct-01278,education,seoul,starter,5,63.49,7,0,61.68,0
acct-01279,commerce,seoul,pro,6,41.53,12,1,139.33,0
acct-01280,gaming,global,starter,68,66.59,7,4,94.99,0
acct-01281,education,busan,free,37,66.75,9,3,53.88,0
acct-01282,health,global,starter,16,43.58,5,1,247.31,0
acct-01283,commerce,daejeon,free,14,86.93,4,0,48.74,0
acct-01284,commerce,seoul,free,11,28.0,12,2,198.91,0
acct-01285,education,seoul,starter,46,128.88,9,0,152.86,0
acct-01286,gaming,busan,pro,72,28.51,10,1,239.2,0
acct-01287,gaming,busan,free,54,36.44,11,1,92.57,0
acct-01288,commerce,busan,free,66,104.48,6,2,306.56,0
acct-01289,commerce,seoul,free,66,87.92,11,0,223.5,0
acct-01290,health,busan,pro,44,45.45,8,2,224.97,0
acct-01291,finance,incheon,free,42,60.21,5,1,282.14,0
acct-01292,finance,incheon,starter,45,166.02,8,1,132.09,0
acct-01293,commerce,seoul,starter,15,10.12,7,2,228.49,0
acct-01294,education,seoul,free,30,48.68,6,0,206.28,0
acct-01295,education,seoul,pro,5,79.63,7,1,111.75,0
acct-01296,commerce,incheon,free,55,20.8,3,1,346.88,1
acct-01297,finance,busan,pro,21,60.43,9,0,128.7,0
acct-01298,gaming,daejeon,starter,58,27.88,11,3,249.89,0
acct-01299,education,seoul,starter,5,36.43,7,1,116.24,0
acct-01300,health,seoul,free,64,15.67,14,1,303.09,0
acct-01301,education,busan,enterprise,45,122.25,5,2,49.58,0
acct-01302,commerce,seoul,free,36,63.24,7,2,114.98,0
acct-01303,commerce,global,starter,50,17.06,7,0,394.64,0
acct-01304,commerce,seoul,starter,36,8.94,8,0,108.19,0
acct-01305,commerce,daejeon,starter,31,34.58,5,0,163.21,0
acct-01306,finance,seoul,enterprise,17,39.76,9,2,207.18,0
acct-01307,health,seoul,pro,60,16.8,8,1,66.19,0
acct-01308,health,incheon,free,4,35.42,4,1,155.63,0
acct-01309,education,seoul,starter,68,50.77,3,0,105.82,0
acct-01310,gaming,incheon,starter,72,62.43,6,1,172.0,0
acct-01311,education,seoul,starter,28,37.41,9,2,140.44,0
acct-01312,health,busan,pro,49,42.93,12,1,221.69,0
acct-01313,education,global,pro,65,79.98,7,2,168.59,0
acct-01314,commerce,seoul,pro,69,54.88,11,1,71.71,0
acct-01315,commerce,seoul,free,33,13.35,6,2,187.19,0
acct-01316,finance,seoul,free,6,12.26,8,1,71.86,0
acct-01317,gaming,global,starter,24,13.51,5,1,156.28,0
acct-01318,finance,busan,free,58,26.33,3,1,232.88,0
acct-01319,health,seoul,free,56,36.66,8,0,164.67,0
acct-01320,health,busan,free,17,32.65,6,0,233.98,0
acct-01321,gaming,busan,pro,52,42.47,11,0,168.28,0
acct-01322,gaming,busan,enterprise,14,16.38,14,1,138.78,0
acct-01323,gaming,daejeon,enterprise,19,77.86,5,3,34.06,0
acct-01324,gaming,incheon,pro,58,52.53,11,2,185.86,0
acct-01325,finance,busan,free,23,39.13,10,2,297.15,0
acct-01326,health,global,starter,17,22.36,12,1,118.35,0
acct-01327,health,seoul,free,61,11.32,12,1,154.1,0
acct-01328,finance,seoul,enterprise,42,195.55,10,1,90.98,0
acct-01329,health,global,starter,70,31.99,10,1,64.51,0
acct-01330,education,seoul,free,72,27.29,9,2,150.29,0
acct-01331,commerce,busan,free,69,10.42,16,2,286.4,0
acct-01332,education,busan,free,6,66.66,7,2,41.1,1
acct-01333,finance,incheon,enterprise,32,50.72,4,2,103.75,0
acct-01334,commerce,seoul,free,51,121.21,8,0,73.02,0
acct-01335,health,seoul,pro,26,17.71,2,0,179.27,0
acct-01336,health,daejeon,free,40,4.97,12,0,70.47,0
acct-01337,gaming,busan,pro,71,48.35,7,0,151.23,0
acct-01338,commerce,seoul,free,16,60.39,8,1,188.67,0
acct-01339,education,incheon,pro,24,43.72,6,2,158.58,1
acct-01340,education,global,enterprise,22,15.68,8,1,162.55,0
acct-01341,health,incheon,pro,29,70.24,6,0,224.84,0
acct-01342,education,incheon,pro,27,11.31,7,0,109.65,0
acct-01343,gaming,seoul,enterprise,43,26.17,5,1,234.47,0
acct-01344,gaming,global,free,6,33.37,8,3,61.01,0
acct-01345,health,incheon,starter,24,50.09,10,0,110.17,0
acct-01346,health,seoul,free,34,98.7,1,2,68.54,0
acct-01347,health,daejeon,starter,28,39.63,10,5,216.42,1
acct-01348,commerce,incheon,free,42,38.69,7,1,163.4,0
acct-01349,commerce,incheon,free,64,21.32,12,1,100.73,0
acct-01350,commerce,seoul,pro,69,132.38,10,4,173.99,0
acct-01351,education,global,enterprise,58,77.9,9,2,56.37,0
acct-01352,education,busan,free,1,26.35,10,0,139.32,1
acct-01353,commerce,incheon,free,62,21.82,7,4,102.61,0
acct-01354,gaming,incheon,pro,9,40.06,12,1,135.44,0
acct-01355,commerce,seoul,enterprise,69,52.77,11,1,95.01,0
acct-01356,gaming,seoul,pro,19,66.71,5,4,97.2,0
acct-01357,commerce,global,pro,10,32.16,6,2,190.37,0
acct-01358,commerce,busan,starter,64,12.08,13,2,328.11,0
acct-01359,finance,seoul,starter,6,11.06,11,1,46.03,0
acct-01360,finance,global,free,72,58.88,6,3,119.57,0
acct-01361,gaming,seoul,free,53,28.18,11,0,264.09,0
acct-01362,gaming,seoul,pro,72,26.62,8,2,226.64,0
acct-01363,education,seoul,pro,50,170.54,4,0,54.42,0
acct-01364,education,global,starter,35,66.14,8,5,111.83,0
acct-01365,commerce,global,starter,12,27.64,11,3,49.16,0
acct-01366,finance,incheon,starter,67,34.77,8,3,93.01,0
acct-01367,gaming,incheon,starter,56,92.77,4,3,62.27,0
acct-01368,gaming,seoul,starter,60,33.46,8,0,220.13,0
acct-01369,commerce,busan,free,24,25.07,7,2,49.39,0
acct-01370,education,seoul,starter,62,43.72,8,2,535.76,0
acct-01371,finance,seoul,pro,4,79.14,3,1,180.35,0
acct-01372,commerce,global,free,12,18.5,8,1,226.72,0
acct-01373,gaming,seoul,starter,7,50.9,12,0,78.14,0
acct-01374,commerce,global,pro,10,59.19,11,1,97.55,0
acct-01375,commerce,incheon,free,54,11.36,8,0,36.78,0
acct-01376,education,busan,starter,31,23.38,6,2,234.23,0
acct-01377,health,seoul,free,15,46.15,9,1,240.53,0
acct-01378,commerce,busan,free,61,28.36,8,1,150.81,0
acct-01379,finance,global,pro,41,55.6,9,0,23.81,0
acct-01380,education,seoul,starter,8,37.1,10,0,83.22,0
acct-01381,commerce,global,starter,2,98.69,11,1,90.88,0
acct-01382,finance,global,free,60,38.68,11,2,72.5,0
acct-01383,gaming,global,starter,60,47.78,8,0,294.18,0
acct-01384,education,seoul,enterprise,18,45.7,7,1,189.86,0
acct-01385,commerce,global,starter,58,16.63,8,2,54.94,0
acct-01386,commerce,global,free,45,46.85,8,2,184.88,0
acct-01387,finance,global,free,29,16.21,13,1,53.39,0
acct-01388,health,daejeon,starter,58,,13,2,202.62,0
acct-01389,finance,global,starter,31,9.68,8,0,128.64,0
acct-01390,health,daejeon,free,27,137.39,5,1,75.86,0
acct-01391,health,incheon,pro,53,124.74,7,1,133.99,0
acct-01392,health,incheon,enterprise,35,37.49,12,1,115.83,0
acct-01393,commerce,seoul,pro,61,16.98,11,2,89.36,0
acct-01394,commerce,seoul,enterprise,32,58.06,11,0,361.87,0
acct-01395,commerce,daejeon,free,29,26.89,9,0,252.13,0
acct-01396,commerce,global,starter,35,20.29,7,4,177.9,0
acct-01397,commerce,global,starter,8,90.51,12,2,394.51,0
acct-01398,finance,incheon,enterprise,55,30.09,9,3,79.68,0
acct-01399,commerce,global,starter,37,28.44,7,2,34.38,0
acct-01400,commerce,busan,starter,65,12.22,9,3,88.32,0
acct-01401,gaming,incheon,free,4,56.55,11,2,222.38,1
acct-01402,finance,seoul,free,29,45.28,2,2,219.72,0
acct-01403,health,global,enterprise,32,68.38,6,1,334.27,0
acct-01404,finance,global,starter,52,33.01,10,3,421.8,0
acct-01405,health,seoul,free,38,21.65,12,1,175.79,0
acct-01406,education,seoul,free,70,7.6,11,0,140.24,0
acct-01407,commerce,seoul,starter,1,34.42,9,1,208.67,0
acct-01408,health,seoul,free,16,176.25,14,2,193.13,0
acct-01409,health,seoul,starter,52,28.66,6,0,172.34,0
acct-01410,gaming,global,starter,20,9.86,10,0,111.52,0
acct-01411,commerce,seoul,free,44,33.79,10,2,149.59,0
acct-01412,commerce,seoul,starter,24,27.37,7,0,160.88,0
acct-01413,commerce,seoul,enterprise,64,52.57,6,1,157.91,0
acct-01414,finance,global,free,44,87.79,5,2,51.89,0
acct-01415,commerce,seoul,pro,18,83.82,7,2,30.63,0
acct-01416,commerce,global,enterprise,64,21.13,8,0,98.68,0
acct-01417,finance,seoul,pro,52,35.24,11,0,78.61,0
acct-01418,gaming,incheon,enterprise,31,132.94,13,2,183.04,0
acct-01419,commerce,incheon,starter,59,111.34,9,3,160.45,0
acct-01420,commerce,incheon,starter,70,37.2,7,1,209.07,0
acct-01421,education,seoul,enterprise,27,106.58,7,0,128.47,0
acct-01422,gaming,seoul,free,20,12.56,7,1,104.92,0
acct-01423,education,seoul,pro,25,29.6,4,0,332.36,0
acct-01424,finance,seoul,pro,28,18.52,10,1,126.97,0
acct-01425,health,busan,starter,22,49.16,7,4,174.9,0
acct-01426,education,global,pro,26,32.85,5,1,325.59,0
acct-01427,education,busan,starter,66,27.44,7,0,225.75,0
acct-01428,finance,seoul,free,18,65.27,10,2,258.16,0
acct-01429,finance,incheon,free,52,14.67,8,0,117.63,0
acct-01430,health,global,free,24,13.98,3,0,254.32,0
acct-01431,commerce,busan,starter,13,39.24,9,1,82.99,0
acct-01432,finance,busan,pro,20,,4,0,146.82,0
acct-01433,health,seoul,starter,33,23.62,13,0,390.38,0
acct-01434,commerce,seoul,pro,11,20.09,8,0,171.47,0
acct-01435,commerce,incheon,free,59,115.38,9,2,179.09,0
acct-01436,commerce,incheon,starter,52,110.75,11,0,161.43,0
acct-01437,health,seoul,free,58,82.56,6,1,65.21,0
acct-01438,commerce,global,pro,41,75.99,9,1,313.34,0
acct-01439,gaming,daejeon,pro,24,21.26,10,5,196.92,0
acct-01440,gaming,seoul,free,30,32.94,5,1,60.72,0
acct-01441,education,global,enterprise,59,12.34,9,2,134.8,0
acct-01442,finance,seoul,enterprise,68,29.78,11,2,92.52,0
acct-01443,finance,seoul,starter,23,37.18,6,0,199.08,0
acct-01444,commerce,seoul,pro,3,13.37,4,0,167.68,0
acct-01445,gaming,busan,starter,14,15.5,10,0,298.69,0
acct-01446,health,seoul,starter,50,22.24,10,4,62.86,0
acct-01447,education,busan,pro,36,32.32,4,2,150.88,0
acct-01448,finance,seoul,pro,13,22.04,12,2,154.55,0
acct-01449,gaming,incheon,starter,51,78.76,7,1,132.35,0
acct-01450,finance,busan,pro,34,22.99,7,0,141.01,0
acct-01451,gaming,incheon,starter,47,26.75,5,1,162.18,0
acct-01452,education,busan,starter,64,37.09,7,2,358.95,0
acct-01453,education,seoul,free,7,18.35,8,0,189.06,0
acct-01454,education,seoul,free,49,24.81,5,0,126.55,0
acct-01455,commerce,seoul,free,57,176.35,8,0,193.63,0
acct-01456,commerce,seoul,free,13,24.51,9,4,44.24,0
acct-01457,education,global,starter,1,14.74,10,0,127.67,0
acct-01458,commerce,busan,enterprise,71,25.07,8,0,321.9,0
acct-01459,education,seoul,free,36,61.46,5,2,135.51,0
acct-01460,commerce,seoul,starter,12,6.87,8,3,214.35,0
acct-01461,finance,seoul,pro,9,37.16,8,0,218.82,0
acct-01462,commerce,global,free,62,15.36,13,1,175.81,0
acct-01463,commerce,seoul,enterprise,62,24.52,11,3,201.44,0
acct-01464,gaming,seoul,starter,72,12.44,4,2,100.06,0
acct-01465,education,busan,pro,42,79.32,5,2,27.29,0
acct-01466,commerce,incheon,free,19,16.25,9,1,142.79,0
acct-01467,commerce,global,free,3,,9,1,221.49,0
acct-01468,commerce,global,free,4,73.5,5,0,142.42,0
acct-01469,finance,daejeon,free,40,7.82,5,2,180.34,0
acct-01470,gaming,seoul,starter,26,28.0,9,2,232.5,0
acct-01471,education,daejeon,free,12,34.24,4,0,65.25,0
acct-01472,gaming,daejeon,pro,70,8.78,10,3,245.98,0
acct-01473,finance,global,enterprise,33,23.2,5,1,79.63,0
acct-01474,health,global,starter,13,49.37,9,1,101.85,0
acct-01475,health,global,pro,61,71.77,7,1,264.85,0
acct-01476,gaming,busan,free,59,14.81,5,2,157.36,0
acct-01477,health,seoul,free,20,30.26,10,1,144.33,0
acct-01478,health,incheon,enterprise,37,,8,0,206.45,0
acct-01479,finance,daejeon,pro,68,29.72,9,2,111.62,0
acct-01480,commerce,daejeon,pro,42,64.94,8,2,93.03,0
acct-01481,health,seoul,starter,32,25.69,7,2,89.71,0
acct-01482,health,daejeon,starter,61,38.57,9,2,100.31,0
acct-01483,commerce,busan,free,6,36.98,10,2,111.72,0
acct-01484,commerce,incheon,starter,72,33.32,12,4,105.34,0
acct-01485,finance,seoul,pro,30,74.21,7,3,159.02,0
acct-01486,education,daejeon,pro,1,44.34,8,0,238.05,0
acct-01487,health,busan,starter,55,83.6,9,0,50.93,0
acct-01488,commerce,seoul,free,38,83.05,10,0,203.06,0
acct-01489,commerce,busan,starter,10,36.38,7,1,185.23,0
acct-01490,finance,incheon,starter,16,16.99,6,0,397.24,0
acct-01491,finance,seoul,free,72,36.06,6,4,130.8,0
acct-01492,commerce,busan,starter,6,54.04,10,0,128.32,0
acct-01493,commerce,global,starter,27,62.14,12,1,85.8,0
acct-01494,health,seoul,enterprise,35,55.37,9,4,69.17,0
acct-01495,finance,seoul,free,59,37.8,12,1,222.18,0
acct-01496,commerce,seoul,free,61,22.59,6,1,128.98,0
acct-01497,health,seoul,free,14,23.05,5,1,405.86,1
acct-01498,gaming,busan,pro,13,23.61,2,1,130.76,0
acct-01499,commerce,incheon,enterprise,49,2.73,6,1,205.22,0
