ticket_id,case_id,created_at,channel,priority,customer_tier,text,label
T-0042,C-CA-001,2026-03-02T09:03:00+00:00,phone,medium,free,구독 해지와 갱신 중단 관련 요청입니다. 다음 갱신 전에 구독을 해지하고 싶어요 빠르게 처리하려면 무엇을 해야 하나요?,cancellation
T-0030,C-BI-005,2026-02-10T08:00:00+00:00,email,low,business,환불 승인 후 열흘이 지나도 입금되지 않았어요 빠르게 처리하려면 무엇을 해야 하나요?,billing
T-0031,C-BI-006,2026-02-12T02:43:00+00:00,web,low,pro,부가세가 포함된 세금계산서가 필요해요. 확인하고 해결 방법을 알려주세요.,billing
T-0043,C-CA-002,2026-03-04T00:54:00+00:00,phone,medium,pro,구독 해지와 갱신 중단 관련 요청입니다. 구독 취소 버튼이 설정 화면에 보이지 않아요. 확인하고 해결 방법을 알려주세요.,cancellation
T-0011,C-AC-006,2026-01-15T03:05:00+00:00,chat,medium,business,인증 앱을 삭제해서 복구 코드가 필요해요. 확인하고 해결 방법을 알려주세요.,account_access
T-0003,C-AC-002,2026-01-07T03:14:00+00:00,web,low,free,계정과 로그인 접근 관련 문의입니다. 로그인 실패가 반복되어 계정이 잠겼어요. 확인하고 해결 방법을 알려주세요.,account_access
T-0028,C-BI-004,2026-02-08T08:12:00+00:00,chat,medium,business,결제와 청구 내역 관련 문의입니다. 카드를 변경했는데 다음 결제에 반영되지 않았어요 빠르게 처리하려면 무엇을 해야 하나요?,billing
T-0008,C-AC-004,2026-01-11T08:18:00+00:00,chat,medium,business,계정과 로그인 접근 관련 문의입니다. 회사 이메일을 바꾼 뒤 기존 계정에 접근하지 못해요 빠르게 처리하려면 무엇을 해야 하나요?,account_access
T-0004,C-AC-002,2026-01-07T06:44:00+00:00,web,medium,business,계정과 로그인 접근 관련 문의입니다. 로그인 실패가 반복되어 계정이 잠겼어요 빠르게 처리하려면 무엇을 해야 하나요?,account_access
T-0044,C-CA-002,2026-03-04T08:41:00+00:00,web,low,free,구독 해지와 갱신 중단 관련 요청입니다. 구독 취소 버튼이 설정 화면에 보이지 않아요 빠르게 처리하려면 무엇을 해야 하나요?,cancellation
T-0017,C-AC-009,2026-01-21T03:29:00+00:00,email,medium,free,로그인 세션이 몇 분마다 자동으로 풀려요. 확인하고 해결 방법을 알려주세요.,account_access
T-0066,C-DE-003,2026-04-03T08:11:00+00:00,web,medium,pro,주문 상품의 배송 관련 문의입니다. 주문한 상품 일부만 도착했어요 빠르게 처리하려면 무엇을 해야 하나요?,delivery
T-0026,C-BI-003,2026-02-06T05:55:00+00:00,web,medium,business,결제와 청구 내역 관련 문의입니다. 결제 영수증의 회사명을 수정하고 싶어요 빠르게 처리하려면 무엇을 해야 하나요?,billing
T-0033,C-BI-007,2026-02-14T00:17:00+00:00,phone,low,business,월간 요금제를 결제했는데 연간 금액이 청구됐어요. 확인하고 해결 방법을 알려주세요.,billing
T-0020,C-AC-010,2026-01-23T08:37:00+00:00,phone,medium,pro,탈퇴를 취소했는데 계정이 비활성 상태예요 빠르게 처리하려면 무엇을 해야 하나요?,account_access
T-0037,C-BI-009,2026-02-18T01:16:00+00:00,chat,low,business,해외 결제 수수료가 별도로 붙은 이유가 궁금해요. 확인하고 해결 방법을 알려주세요.,billing
T-0012,C-AC-006,2026-01-15T05:14:00+00:00,email,medium,free,인증 앱을 삭제해서 복구 코드가 필요해요 빠르게 처리하려면 무엇을 해야 하나요?,account_access
T-0069,C-DE-005,2026-04-07T02:44:00+00:00,phone,medium,free,예정 배송일이 지났는데 운송장이 갱신되지 않아요. 확인하고 해결 방법을 알려주세요.,delivery
T-0047,C-CA-004,2026-03-08T01:29:00+00:00,phone,medium,free,구독 해지와 갱신 중단 관련 요청입니다. 실수로 시작한 연간 구독을 취소하고 싶어요. 확인하고 해결 방법을 알려주세요.,cancellation
T-0038,C-BI-009,2026-02-18T06:49:00+00:00,email,low,free,해외 결제 수수료가 별도로 붙은 이유가 궁금해요 빠르게 처리하려면 무엇을 해야 하나요?,billing
T-0024,C-BI-002,2026-02-04T07:02:00+00:00,phone,low,pro,결제와 청구 내역 관련 문의입니다. 무료 체험 중인데 예상하지 못한 청구가 발생했어요 빠르게 처리하려면 무엇을 해야 하나요?,billing
T-0088,C-TE-004,2026-05-03T06:28:00+00:00,web,high,free,앱과 API의 기술 오류 관련 문의입니다. 앱을 실행하면 빈 화면 뒤에 바로 종료돼요 빠르게 처리하려면 무엇을 해야 하나요?,technical_issue
T-0096,C-TE-008,2026-05-11T08:55:00+00:00,email,high,business,한국어 입력이 깨진 문자로 저장돼요 빠르게 처리하려면 무엇을 해야 하나요?,technical_issue
T-0048,C-CA-004,2026-03-08T09:03:00+00:00,web,low,business,구독 해지와 갱신 중단 관련 요청입니다. 실수로 시작한 연간 구독을 취소하고 싶어요 빠르게 처리하려면 무엇을 해야 하나요?,cancellation
T-0013,C-AC-007,2026-01-17T02:07:00+00:00,web,high,pro,비밀번호를 바꿨는데 이전 비밀번호만 동작해요. 확인하고 해결 방법을 알려주세요.,account_access
T-0051,C-CA-006,2026-03-12T01:36:00+00:00,web,high,pro,체험 기간 종료 전에 자동 갱신을 끄고 싶어요. 확인하고 해결 방법을 알려주세요.,cancellation
T-0100,C-TE-010,2026-05-15T08:51:00+00:00,web,high,pro,특정 브라우저에서만 버튼 클릭이 동작하지 않아요 빠르게 처리하려면 무엇을 해야 하나요?,technical_issue
T-0002,C-AC-001,2026-01-05T06:59:00+00:00,web,low,business,계정과 로그인 접근 관련 문의입니다. 비밀번호 재설정 메일이 오지 않아요 빠르게 처리하려면 무엇을 해야 하나요?,account_access
T-0036,C-BI-008,2026-02-16T07:40:00+00:00,phone,low,free,카드 승인은 됐지만 서비스 요금제는 그대로예요 빠르게 처리하려면 무엇을 해야 하나요?,billing
T-0039,C-BI-010,2026-02-20T00:26:00+00:00,web,low,pro,팀 좌석을 줄였는데 청구 금액이 줄지 않았어요. 확인하고 해결 방법을 알려주세요.,billing
T-0063,C-DE-002,2026-04-01T01:44:00+00:00,chat,medium,pro,주문 상품의 배송 관련 문의입니다. 출고 전에 배송지 주소를 변경하고 싶어요. 확인하고 해결 방법을 알려주세요.,delivery
T-0045,C-CA-003,2026-03-06T03:58:00+00:00,chat,low,free,구독 해지와 갱신 중단 관련 요청입니다. 해지하면 남은 결제 기간을 계속 쓸 수 있는지 궁금해요. 확인하고 해결 방법을 알려주세요.,cancellation
T-0056,C-CA-008,2026-03-16T06:06:00+00:00,email,low,business,모바일에서 구매한 구독을 웹에서 취소할 수 없어요 빠르게 처리하려면 무엇을 해야 하나요?,cancellation
T-0027,C-BI-004,2026-02-08T02:19:00+00:00,chat,high,free,결제와 청구 내역 관련 문의입니다. 카드를 변경했는데 다음 결제에 반영되지 않았어요. 확인하고 해결 방법을 알려주세요.,billing
T-0071,C-DE-006,2026-04-09T00:33:00+00:00,email,medium,free,해외 배송 통관에 필요한 정보를 알고 싶어요. 확인하고 해결 방법을 알려주세요.,delivery
T-0087,C-TE-004,2026-05-03T02:39:00+00:00,web,high,business,앱과 API의 기술 오류 관련 문의입니다. 앱을 실행하면 빈 화면 뒤에 바로 종료돼요. 확인하고 해결 방법을 알려주세요.,technical_issue
T-0040,C-BI-010,2026-02-20T05:44:00+00:00,email,medium,business,팀 좌석을 줄였는데 청구 금액이 줄지 않았어요 빠르게 처리하려면 무엇을 해야 하나요?,billing
T-0098,C-TE-009,2026-05-13T07:17:00+00:00,email,medium,free,검색 결과가 갱신된 데이터를 반영하지 않아요 빠르게 처리하려면 무엇을 해야 하나요?,technical_issue
T-0015,C-AC-008,2026-01-19T02:25:00+00:00,chat,low,business,초대받은 팀 워크스페이스에 들어갈 수 없어요. 확인하고 해결 방법을 알려주세요.,account_access
T-0010,C-AC-005,2026-01-13T06:11:00+00:00,phone,low,business,소셜 로그인 버튼을 누르면 다시 로그인 화면으로 돌아와요 빠르게 처리하려면 무엇을 해야 하나요?,account_access
T-0009,C-AC-005,2026-01-13T03:03:00+00:00,web,high,business,소셜 로그인 버튼을 누르면 다시 로그인 화면으로 돌아와요. 확인하고 해결 방법을 알려주세요.,account_access
T-0006,C-AC-003,2026-01-09T06:56:00+00:00,phone,medium,pro,계정과 로그인 접근 관련 문의입니다. 새 휴대전화에서 이중 인증 코드를 받을 수 없어요 빠르게 처리하려면 무엇을 해야 하나요?,account_access
T-0035,C-BI-008,2026-02-16T03:25:00+00:00,email,medium,pro,카드 승인은 됐지만 서비스 요금제는 그대로예요. 확인하고 해결 방법을 알려주세요.,billing
T-0083,C-TE-002,2026-04-29T01:37:00+00:00,chat,medium,free,앱과 API의 기술 오류 관련 문의입니다. API 호출이 429 오류로 계속 거절돼요. 확인하고 해결 방법을 알려주세요.,technical_issue
T-0022,C-BI-001,2026-02-02T08:35:00+00:00,email,medium,business,결제와 청구 내역 관련 문의입니다. 같은 카드 요금이 두 번 중복 결제됐어요 빠르게 처리하려면 무엇을 해야 하나요?,billing
T-0093,C-TE-007,2026-05-09T03:54:00+00:00,phone,medium,business,SDK를 업데이트한 뒤 응답 파싱에 실패해요. 확인하고 해결 방법을 알려주세요.,technical_issue
T-0053,C-CA-007,2026-03-14T01:30:00+00:00,email,low,business,이미 해지했는데 다음 달 갱신 안내 메일이 왔어요. 확인하고 해결 방법을 알려주세요.,cancellation
T-0091,C-TE-006,2026-05-07T02:44:00+00:00,chat,high,pro,대용량 파일 처리 중 연결 시간이 초과돼요. 확인하고 해결 방법을 알려주세요.,technical_issue
T-0046,C-CA-003,2026-03-06T06:24:00+00:00,phone,medium,pro,구독 해지와 갱신 중단 관련 요청입니다. 해지하면 남은 결제 기간을 계속 쓸 수 있는지 궁금해요 빠르게 처리하려면 무엇을 해야 하나요?,cancellation
T-0005,C-AC-003,2026-01-09T03:26:00+00:00,phone,medium,free,계정과 로그인 접근 관련 문의입니다. 새 휴대전화에서 이중 인증 코드를 받을 수 없어요. 확인하고 해결 방법을 알려주세요.,account_access
T-0085,C-TE-003,2026-05-01T01:08:00+00:00,chat,medium,business,앱과 API의 기술 오류 관련 문의입니다. Authorization 헤더를 넣어도 401 응답이 와요. 확인하고 해결 방법을 알려주세요.,technical_issue
T-0077,C-DE-009,2026-04-15T03:51:00+00:00,email,medium,free,여러 주문을 한 번에 묶어서 배송받고 싶어요. 확인하고 해결 방법을 알려주세요.,delivery
T-0062,C-DE-001,2026-03-30T08:51:00+00:00,web,low,business,주문 상품의 배송 관련 문의입니다. 배송 조회가 이틀째 같은 위치에서 멈춰 있어요 빠르게 처리하려면 무엇을 해야 하나요?,delivery
T-0075,C-DE-008,2026-04-13T03:09:00+00:00,web,medium,free,배송 중 파손된 제품을 받았어요. 확인하고 해결 방법을 알려주세요.,delivery
T-0079,C-DE-010,2026-04-17T03:02:00+00:00,phone,medium,pro,부재중 반송된 상품의 재배송을 요청하고 싶어요. 확인하고 해결 방법을 알려주세요.,delivery
T-0094,C-TE-007,2026-05-09T07:37:00+00:00,web,medium,pro,SDK를 업데이트한 뒤 응답 파싱에 실패해요 빠르게 처리하려면 무엇을 해야 하나요?,technical_issue
T-0070,C-DE-005,2026-04-07T05:52:00+00:00,phone,medium,free,예정 배송일이 지났는데 운송장이 갱신되지 않아요 빠르게 처리하려면 무엇을 해야 하나요?,delivery
T-0095,C-TE-008,2026-05-11T01:39:00+00:00,chat,high,pro,한국어 입력이 깨진 문자로 저장돼요. 확인하고 해결 방법을 알려주세요.,technical_issue
T-0076,C-DE-008,2026-04-13T06:54:00+00:00,web,medium,business,배송 중 파손된 제품을 받았어요 빠르게 처리하려면 무엇을 해야 하나요?,delivery
T-0073,C-DE-007,2026-04-11T01:08:00+00:00,email,low,pro,잘못된 상품이 배송되어 교환하고 싶어요. 확인하고 해결 방법을 알려주세요.,delivery
T-0054,C-CA-007,2026-03-14T05:59:00+00:00,chat,low,free,이미 해지했는데 다음 달 갱신 안내 메일이 왔어요 빠르게 처리하려면 무엇을 해야 하나요?,cancellation
T-0078,C-DE-009,2026-04-15T07:08:00+00:00,phone,low,free,여러 주문을 한 번에 묶어서 배송받고 싶어요 빠르게 처리하려면 무엇을 해야 하나요?,delivery
T-0049,C-CA-005,2026-03-10T00:17:00+00:00,email,medium,pro,팀 요금제를 종료하면 멤버 데이터가 어떻게 되는지 궁금해요. 확인하고 해결 방법을 알려주세요.,cancellation
T-0034,C-BI-007,2026-02-14T06:20:00+00:00,phone,medium,pro,월간 요금제를 결제했는데 연간 금액이 청구됐어요 빠르게 처리하려면 무엇을 해야 하나요?,billing
T-0099,C-TE-010,2026-05-15T01:21:00+00:00,web,low,free,특정 브라우저에서만 버튼 클릭이 동작하지 않아요. 확인하고 해결 방법을 알려주세요.,technical_issue
T-0061,C-DE-001,2026-03-30T02:41:00+00:00,chat,low,free,주문 상품의 배송 관련 문의입니다. 배송 조회가 이틀째 같은 위치에서 멈춰 있어요. 확인하고 해결 방법을 알려주세요.,delivery
T-0021,C-BI-001,2026-02-02T01:27:00+00:00,chat,high,business,결제와 청구 내역 관련 문의입니다. 같은 카드 요금이 두 번 중복 결제됐어요. 확인하고 해결 방법을 알려주세요.,billing
T-0058,C-CA-009,2026-03-18T06:49:00+00:00,web,low,pro,서비스 탈퇴와 유료 구독 해지를 함께 처리하고 싶어요 빠르게 처리하려면 무엇을 해야 하나요?,cancellation
T-0086,C-TE-003,2026-05-01T07:14:00+00:00,web,high,pro,앱과 API의 기술 오류 관련 문의입니다. Authorization 헤더를 넣어도 401 응답이 와요 빠르게 처리하려면 무엇을 해야 하나요?,technical_issue
T-0065,C-DE-003,2026-04-03T01:40:00+00:00,chat,low,business,주문 상품의 배송 관련 문의입니다. 주문한 상품 일부만 도착했어요. 확인하고 해결 방법을 알려주세요.,delivery
T-0057,C-CA-009,2026-03-18T00:55:00+00:00,email,high,free,서비스 탈퇴와 유료 구독 해지를 함께 처리하고 싶어요. 확인하고 해결 방법을 알려주세요.,cancellation
T-0041,C-CA-001,2026-03-02T03:25:00+00:00,email,high,free,구독 해지와 갱신 중단 관련 요청입니다. 다음 갱신 전에 구독을 해지하고 싶어요. 확인하고 해결 방법을 알려주세요.,cancellation
T-0080,C-DE-010,2026-04-17T07:02:00+00:00,web,high,free,부재중 반송된 상품의 재배송을 요청하고 싶어요 빠르게 처리하려면 무엇을 해야 하나요?,delivery
T-0068,C-DE-004,2026-04-05T07:50:00+00:00,email,medium,free,주문 상품의 배송 관련 문의입니다. 배송 완료라고 표시되지만 물건을 받지 못했어요 빠르게 처리하려면 무엇을 해야 하나요?,delivery
T-0082,C-TE-001,2026-04-27T08:04:00+00:00,email,medium,free,앱과 API의 기술 오류 관련 문의입니다. 파일 업로드 요청에서 500 오류가 발생해요 빠르게 처리하려면 무엇을 해야 하나요?,technical_issue
T-0018,C-AC-009,2026-01-21T07:04:00+00:00,web,medium,pro,로그인 세션이 몇 분마다 자동으로 풀려요 빠르게 처리하려면 무엇을 해야 하나요?,account_access
T-0059,C-CA-010,2026-03-20T03:11:00+00:00,chat,medium,business,일시 중지한 구독을 완전히 종료하고 싶어요. 확인하고 해결 방법을 알려주세요.,cancellation
T-0016,C-AC-008,2026-01-19T06:46:00+00:00,email,medium,pro,초대받은 팀 워크스페이스에 들어갈 수 없어요 빠르게 처리하려면 무엇을 해야 하나요?,account_access
T-0097,C-TE-009,2026-05-13T01:54:00+00:00,web,medium,business,검색 결과가 갱신된 데이터를 반영하지 않아요. 확인하고 해결 방법을 알려주세요.,technical_issue
T-0072,C-DE-006,2026-04-09T08:47:00+00:00,phone,low,free,해외 배송 통관에 필요한 정보를 알고 싶어요 빠르게 처리하려면 무엇을 해야 하나요?,delivery
T-0007,C-AC-004,2026-01-11T01:25:00+00:00,chat,low,free,계정과 로그인 접근 관련 문의입니다. 회사 이메일을 바꾼 뒤 기존 계정에 접근하지 못해요. 확인하고 해결 방법을 알려주세요.,account_access
T-0060,C-CA-010,2026-03-20T07:27:00+00:00,chat,high,free,일시 중지한 구독을 완전히 종료하고 싶어요 빠르게 처리하려면 무엇을 해야 하나요?,cancellation
T-0067,C-DE-004,2026-04-05T01:08:00+00:00,web,medium,pro,주문 상품의 배송 관련 문의입니다. 배송 완료라고 표시되지만 물건을 받지 못했어요. 확인하고 해결 방법을 알려주세요.,delivery
T-0023,C-BI-002,2026-02-04T03:17:00+00:00,web,low,free,결제와 청구 내역 관련 문의입니다. 무료 체험 중인데 예상하지 못한 청구가 발생했어요. 확인하고 해결 방법을 알려주세요.,billing
T-0029,C-BI-005,2026-02-10T01:07:00+00:00,chat,medium,free,환불 승인 후 열흘이 지나도 입금되지 않았어요. 확인하고 해결 방법을 알려주세요.,billing
T-0055,C-CA-008,2026-03-16T03:44:00+00:00,email,low,business,모바일에서 구매한 구독을 웹에서 취소할 수 없어요. 확인하고 해결 방법을 알려주세요.,cancellation
T-0014,C-AC-007,2026-01-17T08:52:00+00:00,chat,medium,pro,비밀번호를 바꿨는데 이전 비밀번호만 동작해요 빠르게 처리하려면 무엇을 해야 하나요?,account_access
T-0001,C-AC-001,2026-01-05T00:13:00+00:00,chat,medium,free,계정과 로그인 접근 관련 문의입니다. 비밀번호 재설정 메일이 오지 않아요. 확인하고 해결 방법을 알려주세요.,account_access
T-0089,C-TE-005,2026-05-05T01:35:00+00:00,phone,low,business,웹훅이 같은 이벤트를 여러 번 전송해요. 확인하고 해결 방법을 알려주세요.,technical_issue
T-0084,C-TE-002,2026-04-29T07:34:00+00:00,phone,medium,free,앱과 API의 기술 오류 관련 문의입니다. API 호출이 429 오류로 계속 거절돼요 빠르게 처리하려면 무엇을 해야 하나요?,technical_issue
T-0019,C-AC-010,2026-01-23T02:16:00+00:00,email,medium,free,탈퇴를 취소했는데 계정이 비활성 상태예요. 확인하고 해결 방법을 알려주세요.,account_access
T-0032,C-BI-006,2026-02-12T07:27:00+00:00,web,medium,business,부가세가 포함된 세금계산서가 필요해요 빠르게 처리하려면 무엇을 해야 하나요?,billing
T-0052,C-CA-006,2026-03-12T08:30:00+00:00,phone,high,free,체험 기간 종료 전에 자동 갱신을 끄고 싶어요 빠르게 처리하려면 무엇을 해야 하나요?,cancellation
T-0064,C-DE-002,2026-04-01T06:08:00+00:00,email,medium,pro,주문 상품의 배송 관련 문의입니다. 출고 전에 배송지 주소를 변경하고 싶어요 빠르게 처리하려면 무엇을 해야 하나요?,delivery
T-0050,C-CA-005,2026-03-10T08:42:00+00:00,email,high,free,팀 요금제를 종료하면 멤버 데이터가 어떻게 되는지 궁금해요 빠르게 처리하려면 무엇을 해야 하나요?,cancellation
T-0090,C-TE-005,2026-05-05T07:51:00+00:00,chat,low,business,웹훅이 같은 이벤트를 여러 번 전송해요 빠르게 처리하려면 무엇을 해야 하나요?,technical_issue
T-0092,C-TE-006,2026-05-07T08:56:00+00:00,chat,medium,free,대용량 파일 처리 중 연결 시간이 초과돼요 빠르게 처리하려면 무엇을 해야 하나요?,technical_issue
T-0025,C-BI-003,2026-02-06T03:50:00+00:00,phone,medium,business,결제와 청구 내역 관련 문의입니다. 결제 영수증의 회사명을 수정하고 싶어요. 확인하고 해결 방법을 알려주세요.,billing
T-0074,C-DE-007,2026-04-11T06:39:00+00:00,email,low,pro,잘못된 상품이 배송되어 교환하고 싶어요 빠르게 처리하려면 무엇을 해야 하나요?,delivery
T-0081,C-TE-001,2026-04-27T03:26:00+00:00,email,high,pro,앱과 API의 기술 오류 관련 문의입니다. 파일 업로드 요청에서 500 오류가 발생해요. 확인하고 해결 방법을 알려주세요.,technical_issue
